RCVYEAR,RECPTNO,RCVDATE,INWYEAR,INWARDNO,INWDATE,CHALLAN,SUPPCODE,TRCODE,STATUS,USERID,ACTION,EXCISABLE,GPRECEIVED,GPDATE
20122013,8375,01-03-13,20122013,7974,01-03-13,174,302S421,51, ,STORE,ADD,N,N,01-03-13
20122013,8376,01-03-13,20122013,7975,01-03-13,159,302S421,51, ,STORE,ADD,N,N,01-03-13
20122013,8377,01-03-13,20122013,7977,01-03-13,4125,302N176,51, ,STORE,ADD,Y,Y,01-03-13
20122013,8378,01-03-13,20122013,7978,01-03-13,1983,302T141,51, ,STORE,ADD,Y,Y,01-03-13
20122013,8379,01-03-13,20122013,7979,01-03-13,3532,302U093,51, ,STORE,ADD,Y,Y,01-03-13
20122013,8380,01-03-13,20122013,7980,01-03-13,55,302E110,51, ,STORE,UPD,Y,Y,01-03-13
20122013,8381,01-03-13,20122013,7981,01-03-13,159-R,302A170,51, ,STORE,ADD,N,N,01-03-13
20122013,8382,01-03-13,20122013,7982,01-03-13,388,302D174,51, ,STORE,ADD,N,N,01-03-13
20122013,8383,01-03-13,20122013,7984,01-03-13,5376,302J153,51, ,STORE,ADD,Y,Y,01-03-13
20122013,8384,01-03-13,20122013,7985,01-03-13,2016,302D122,51, ,STORE,ADD,N,N,01-03-13
20122013,8385,01-03-13,20122013,7986,01-03-13,2017,302D122,51, ,STORE,UPD,N,N,01-03-13
20122013,8386,01-03-13,20122013,7987,01-03-13,27213,302K198,51, ,STORE,ADD,N,N,01-03-13
20122013,8387,01-03-13,20122013,7988,01-03-13,7213-2,302K198,51, ,STORE,ADD,N,N,01-03-13
20122013,8388,01-03-13,20122013,7989,01-03-13,2172,302K198,51, ,STORE,ADD,N,N,01-03-13
20122013,8389,01-03-13,20122013,7990,01-03-13,267,302A331,51, ,STORE,ADD,N,N,01-03-13
20122013,8390,01-03-13,20122013,7991,01-03-13,268,302A331,51, ,STORE,ADD,N,N,01-03-13
20122013,8391,02-03-13,20122013,7993,02-03-13,161,302S421,51, ,STORE,ADD,N,N,02-03-13
20122013,8392,02-03-13,20122013,7994,02-03-13,NIL,302S866,51, ,STORE,ADD,Y,Y,02-03-13
20122013,8393,02-03-13,20122013,7995,02-03-13,A-993,302V156,51, ,STORE,ADD,Y,Y,02-03-13
20122013,8394,02-03-13,20122013,7996,02-03-13,1257,302G191,51, ,STORE,ADD,Y,Y,02-03-13
20122013,8395,02-03-13,20122013,7997,02-03-13,647,302V059,51, ,STORE,ADD,Y,Y,02-03-13
20122013,8396,02-03-13,20122013,7998,02-03-13,1984,302T141,51, ,STORE,ADD,Y,Y,02-03-13
20122013,8397,02-03-13,20122013,6924,22-01-13,107,302N075,51, ,STORE,ADD,N,N,02-03-13
20122013,8398,02-03-13,20122013,6926,22-01-13,109,302N075,51, ,STORE,ADD,N,N,02-03-13
20122013,8399,02-03-13,20122013,7999,02-03-13,255,302N075,51, ,STORE,ADD,N,N,02-03-13
20122013,8400,02-03-13,20122013,8000,02-03-13,4145,302N176,51, ,STORE,ADD,Y,Y,02-03-13
20122013,8401,02-03-13,20122013,8002,02-03-13,4149,302N176,51, ,STORE,ADD,Y,Y,02-03-13
20122013,8402,02-03-13,20122013,8004,02-03-13,395,302G194,51, ,STORE,ADD,Y,Y,02-03-13
20122013,8403,02-03-13,20122013,8005,02-03-13,104,302D204,51, ,STORE,ADD,Y,Y,02-03-13
20122013,8404,02-03-13,20122013,8006,02-03-13,348,302A296,51, ,STORE,ADD,Y,Y,02-03-13
20122013,8405,04-03-13,20122013,8035,04-03-13,176,302S421,51, ,STORE,ADD,N,N,04-03-13
20122013,8406,04-03-13,20122013,8007,02-03-13,346,302S791,51, ,STORE,ADD,N,N,04-03-13
20122013,8407,04-03-13,20122013,8008,02-03-13,T-491,302N056,51, ,STORE,ADD,N,N,04-03-13
20122013,8408,04-03-13,20122013,8009,02-03-13,50,302N214,51, ,STORE,ADD,N,N,04-03-13
20122013,8409,04-03-13,20122013,8010,02-03-13,8018,302S703,51, ,STORE,ADD,Y,Y,04-03-13
20122013,8410,04-03-13,20122013,8011,02-03-13,8019,302S703,51, ,STORE,UPD,Y,Y,04-03-13
20122013,8411,04-03-13,20122013,8012,02-03-13,8020,302S703,51, ,STORE,ADD,Y,Y,04-03-13
20122013,8412,04-03-13,20122013,8013,02-03-13,8021,302S703,51, ,STORE,ADD,Y,Y,04-03-13
20122013,8413,04-03-13,20122013,8014,02-03-13,218,302A486,51, ,STORE,ADD,Y,Y,04-03-13
20122013,8414,04-03-13,20122013,8014,02-03-13,218,302A486,51, ,STORE,ADD,Y,Y,04-03-13
20122013,8415,04-03-13,20122013,8015,02-03-13,4153,302N176,51, ,STORE,ADD,Y,Y,04-03-13
20122013,8416,04-03-13,20122013,8017,02-03-13,218,302M028,51, ,STORE,ADD,N,N,04-03-13
20122013,8417,04-03-13,20122013,8019,02-03-13,219,302M028,51, ,STORE,ADD,N,N,04-03-13
20122013,8418,04-03-13,20122013,8020,02-03-13,220,302M028,51, ,STORE,ADD,N,N,04-03-13
20122013,8419,04-03-13,20122013,8021,02-03-13,221,302M028,51, ,STORE,ADD,N,N,04-03-13
20122013,8420,04-03-13,20122013,8022,02-03-13,924,302M009,51, ,STORE,ADD,N,N,04-03-13
20122013,8421,04-03-13,20122013,8023,02-03-13,4154,302N176,51, ,STORE,ADD,Y,Y,04-03-13
20122013,8422,04-03-13,20122013,8024,02-03-13,E-29,302B229,51, ,STORE,UPD,Y,Y,04-03-13
20122013,8423,04-03-13,20122013,8025,02-03-13,2225,302P314,51, ,STORE,ADD,N,N,04-03-13
20122013,8424,04-03-13,20122013,8026,02-03-13,2226,302P314,51, ,STORE,ADD,N,N,04-03-13
20122013,8425,04-03-13,20122013,8027,02-03-13,2228,302P314,51, ,STORE,ADD,N,N,04-03-13
20122013,8426,04-03-13,20122013,8028,02-03-13,387,302D174,51, ,STORE,ADD,N,N,04-03-13
20122013,8427,04-03-13,20122013,8029,02-03-13,3272,302S742,51, ,STORE,ADD,N,N,04-03-13
20122013,8428,04-03-13,20122013,8018,02-03-13,224,302U082,51, ,STORE,ADD,N,N,04-03-13
20122013,8429,04-03-13,20122013,8030,02-03-13,1475,302T151,51, ,STORE,ADD,N,N,04-03-13
20122013,8430,04-03-13,20122013,8031,02-03-13,1476,302T151,51, ,STORE,ADD,N,N,04-03-13
20122013,8431,04-03-13,20122013,8032,02-03-13,934,302N170,51, ,STORE,ADD,Y,Y,04-03-13
20122013,8432,04-03-13,20122013,8033,02-03-13,289,302R224,51, ,STORE,ADD,N,N,04-03-13
20122013,8433,04-03-13,20122013,8034,02-03-13,372,302R286,51, ,STORE,ADD,N,N,04-03-13
20122013,8434,04-03-13,20122013,8036,04-03-13,NIL,302S866,51, ,STORE,ADD,Y,Y,04-03-13
20122013,8435,04-03-13,20122013,8037,04-03-13,148,302V059,51, ,STORE,ADD,Y,Y,04-03-13
20122013,8436,04-03-13,20122013,8038,04-03-13,NIL,302J197,51, ,STORE,ADD,Y,Y,04-03-13
20122013,8437,04-03-13,20122013,8039,04-03-13,1261,302G191,51, ,STORE,ADD,Y,Y,04-03-13
20122013,8438,04-03-13,20122013,8040,04-03-13,A-995,302V156,51, ,STORE,UPD,Y,Y,04-03-13
20122013,8439,04-03-13,20122013,8041,04-03-13,2341,302M243,51, ,STORE,ADD,Y,Y,04-03-13
20122013,8440,04-03-13,20122013,8042,04-03-13,121,302L076,51, ,STORE,ADD,N,N,04-03-13
20122013,8441,04-03-13,20122013,8043,04-03-13,G-522,302D204,51, ,STORE,ADD,Y,Y,04-03-13
20122013,8442,04-03-13,20122013,8045,04-03-13,841,302S630,51, ,STORE,UPD,N,N,04-03-13
20122013,8443,04-03-13,20122013,8046,04-03-13,1991,302T141,51, ,STORE,ADD,Y,Y,04-03-13
20122013,8444,04-03-13,20122013,8047,04-03-13,NIL,3.02E+41,51, ,STORE,ADD,N,N,04-03-13
20122013,8445,04-03-13,20122013,7983,01-03-13,875,302P336,51, ,STORE,ADD,Y,Y,04-03-13
20122013,8446,04-03-13,20122013,8048,04-03-13,EX-328,302S846,51, ,STORE,ADD,Y,Y,04-03-13
20122013,8447,04-03-13,20122013,8048,04-03-13,EX-328,302S846,51, ,STORE,ADD,Y,Y,04-03-13
20122013,8448,04-03-13,20122013,8049,04-03-13,1401,302R167,51, ,STORE,ADD,Y,Y,04-03-13
20122013,8449,04-03-13,20122013,8050,04-03-13,5308,302K116,51, ,STORE,ADD,N,N,04-03-13
20122013,8450,04-03-13,20122013,8051,04-03-13,1707,302M190,51, ,STORE,ADD,N,N,04-03-13
20122013,8451,04-03-13,20122013,8052,04-03-13,1191,302K120,51, ,STORE,ADD,N,N,04-03-13
20122013,8452,04-03-13,20122013,8053,04-03-13,C-314,3.02E+105,51, ,STORE,ADD,Y,Y,04-03-13
20122013,8453,04-03-13,20122013,8054,04-03-13,T-495,302N056,51, ,STORE,ADD,N,N,04-03-13
20122013,8454,04-03-13,20122013,8055,04-03-13,4179,302N176,51, ,STORE,ADD,Y,Y,04-03-13
20122013,8455,04-03-13,20122013,8056,04-03-13,4180,302N176,51, ,STORE,ADD,Y,Y,04-03-13
20122013,8456,05-03-13,20122013,8057,05-03-13,164,302S421,51, ,STORE,ADD,N,N,05-03-13
20122013,8457,05-03-13,20122013,8058,05-03-13,153,302S421,51, ,STORE,ADD,N,N,05-03-13
20122013,8458,05-03-13,20122013,8059,05-03-13,491,302M261,51, ,STORE,ADD,N,N,05-03-13
20122013,8459,05-03-13,20122013,8060,05-03-13,149,302V059,51, ,STORE,ADD,Y,Y,05-03-13
20122013,8460,05-03-13,20122013,8061,05-03-13,NIL,302J197,51, ,STORE,ADD,Y,Y,05-03-13
20122013,8461,05-03-13,20122013,8062,05-03-13,1265,302G191,51, ,STORE,ADD,Y,Y,05-03-13
20122013,8462,05-03-13,20122013,8063,05-03-13,1992,302T141,51, ,STORE,ADD,Y,Y,05-03-13
20122013,8463,05-03-13,20122013,8064,05-03-13,226,302S467,51, ,STORE,ADD,N,N,05-03-13
20122013,8464,05-03-13,20122013,8065,05-03-13,227,302S467,51, ,STORE,ADD,N,N,05-03-13
20122013,8465,05-03-13,20122013,8066,05-03-13,175,302H163,51, ,STORE,ADD,N,N,05-03-13
20122013,8466,05-03-13,20122013,8067,05-03-13,166,302F069,51, ,STORE,UPD,Y,Y,05-03-13
20122013,8467,05-03-13,20122013,8069,05-03-13,165,302F069,51, ,STORE,UPD,Y,Y,05-03-13
20122013,8468,05-03-13,20122013,8070,05-03-13,NIL,302K060,51, ,STORE,ADD,Y,Y,05-03-13
20122013,8469,05-03-13,20122013,8070,05-03-13,NIL,302K060,51, ,STORE,ADD,Y,Y,05-03-13
20122013,8470,05-03-13,20122013,8070,05-03-13,NIL,302K060,51, ,STORE,ADD,Y,Y,05-03-13
20122013,8471,05-03-13,20122013,8072,05-03-13,739,302A406,51, ,STORE,ADD,N,N,05-03-13
20122013,8472,05-03-13,20122013,8073,05-03-13,EX-975,302A533,51, ,STORE,ADD,Y,Y,05-03-13
20122013,8473,05-03-13,20122013,8074,05-03-13,91,302I138,51, ,STORE,ADD,N,N,05-03-13
20122013,8474,05-03-13,20122013,8075,05-03-13,54,302P036,51, ,STORE,ADD,N,N,05-03-13
20122013,8475,05-03-13,20122013,8076,05-03-13,55,302P036,51, ,STORE,ADD,N,N,05-03-13
20122013,8476,05-03-13,20122013,8077,05-03-13,388,302M186,51, ,STORE,ADD,N,N,05-03-13
20122013,8477,05-03-13,20122013,8078,05-03-13,389,302M186,51, ,STORE,ADD,N,N,05-03-13
20122013,8478,05-03-13,20122013,8080,05-03-13,317,302T171,51, ,STORE,ADD,N,N,05-03-13
20122013,8479,05-03-13,20122013,8081,05-03-13,1617,302L082,51, ,STORE,ADD,N,N,05-03-13
20122013,8480,05-03-13,20122013,8082,05-03-13,3531,302U093,51, ,STORE,ADD,Y,Y,05-03-13
20122013,8481,05-03-13,20122013,8083,05-03-13,8027,302S703,51, ,STORE,ADD,Y,Y,05-03-13
20122013,8482,05-03-13,20122013,8084,05-03-13,4271,302D003,51, ,STORE,ADD,N,N,05-03-13
20122013,8483,05-03-13,20122013,8085,05-03-13,130,302C227,51, ,STORE,ADD,N,N,05-03-13
20122013,8484,05-03-13,20122013,8086,05-03-13,133,302C227,51, ,STORE,ADD,N,N,05-03-13
20122013,8485,05-03-13,20122013,8087,05-03-13,1581,302H114,51, ,STORE,ADD,N,N,05-03-13
20122013,8486,05-03-13,20122013,8088,05-03-13,1585,302H114,51, ,STORE,ADD,N,N,05-03-13
20122013,8487,05-03-13,20122013,8089,05-03-13,1584,302H114,51, ,STORE,ADD,N,N,05-03-13
20122013,8489,05-03-13,20122013,8091,05-03-13,GREEN,302G298,51, ,STORE,ADD,N,N,05-03-13
20122013,8490,05-03-13,20122013,8092,05-03-13,473,302Z014,51, ,STORE,ADD,Y,Y,05-03-13
20122013,8491,05-03-13,20122013,8092,05-03-13,473,302Z014,51, ,STORE,ADD,Y,Y,05-03-13
20122013,8492,05-03-13,20122013,8093,05-03-13,32,302C083,51, ,STORE,ADD,N,N,05-03-13
20122013,8493,05-03-13,20122013,8094,05-03-13,531,302A559,51, ,STORE,ADD,N,N,05-03-13
20122013,8494,05-03-13,20122013,8095,05-03-13,278,302W030,51, ,STORE,ADD,N,N,05-03-13
20122013,8495,06-03-13,20122013,8096,06-03-13,160,302S421,51, ,STORE,ADD,N,N,06-03-13
20122013,8496,06-03-13,20122013,8097,06-03-13,867,302S630,51, ,STORE,ADD,N,N,06-03-13
20122013,8497,06-03-13,20122013,8098,06-03-13,NIL,302S866,51, ,STORE,ADD,Y,Y,06-03-13
20122013,8498,06-03-13,20122013,8099,06-03-13,NIL,302J197,51, ,STORE,ADD,Y,Y,06-03-13
20122013,8499,06-03-13,20122013,8100,06-03-13,885,302P336,51, ,STORE,ADD,Y,Y,06-03-13
20122013,8500,06-03-13,20122013,8101,06-03-13,886,302P336,51, ,STORE,ADD,Y,Y,06-03-13
20122013,8501,06-03-13,20122013,8090,05-03-13,1583,302H114,51, ,STORE,ADD,N,N,06-03-13
20122013,8502,06-03-13,20122013,8103,06-03-13,1572,302H114,51, ,STORE,ADD,N,N,06-03-13
20122013,8503,06-03-13,20122013,8104,06-03-13,1573,302H114,51, ,STORE,ADD,N,N,06-03-13
20122013,8504,06-03-13,20122013,8105,06-03-13,1574,302H114,51, ,STORE,ADD,N,N,06-03-13
20122013,8505,06-03-13,20122013,8106,06-03-13,1575,302H114,51, ,STORE,ADD,N,N,06-03-13
20122013,8506,06-03-13,20122013,8107,06-03-13,1576,302H114,51, ,STORE,ADD,N,N,06-03-13
20122013,8507,06-03-13,20122013,8108,06-03-13,1413,302S419,51, ,STORE,ADD,N,N,06-03-13
20122013,8508,06-03-13,20122013,8109,06-03-13,1993,302T141,51, ,STORE,ADD,Y,Y,06-03-13
20122013,8509,06-03-13,20122013,8110,06-03-13,2030,302T141,51, ,STORE,ADD,Y,Y,06-03-13
20122013,8510,06-03-13,20122013,8111,06-03-13,T-261,302D098,51, ,STORE,ADD,Y,Y,06-03-13
20122013,8511,06-03-13,20122013,8112,06-03-13,424,302S475,51, ,STORE,ADD,N,N,06-03-13
20122013,8512,06-03-13,20122013,8113,06-03-13,111,302K216,51, ,STORE,ADD,N,N,06-03-13
20122013,8513,06-03-13,20122013,8114,06-03-13,4286,302D003,51, ,STORE,ADD,N,N,06-03-13
20122013,8514,06-03-13,20122013,8115,06-03-13,8180,302S703,51, ,STORE,ADD,Y,Y,06-03-13
20122013,8515,06-03-13,20122013,8116,06-03-13,360,302J201,51, ,STORE,ADD,N,N,06-03-13
20122013,8516,06-03-13,20122013,8117,06-03-13,4208,302N176,51, ,STORE,UPD,Y,Y,06-03-13
20122013,8517,06-03-13,20122013,8118,06-03-13,931,302M009,51, ,STORE,ADD,N,N,06-03-13
20122013,8518,06-03-13,20122013,8119,06-03-13,3496,302U093,51, ,STORE,ADD,Y,Y,06-03-13
20122013,8519,06-03-13,20122013,8120,06-03-13,V-47,302C076,51, ,STORE,ADD,N,N,06-03-13
20122013,8520,06-03-13,20122013,8121,06-03-13,V-48,302C076,51, ,STORE,ADD,N,N,06-03-13
20122013,8521,06-03-13,20122013,8122,06-03-13,V-50,302C076,51, ,STORE,ADD,N,N,06-03-13
20122013,8522,06-03-13,20122013,8123,06-03-13,2788,302R217,51, ,STORE,ADD,N,N,06-03-13
20122013,8523,06-03-13,20122013,8124,06-03-13,1391,302A504,51, ,STORE,ADD,N,N,06-03-13
20122013,8524,06-03-13,20122013,8125,06-03-13,T-261,3.02E+133,51, ,STORE,ADD,N,N,06-03-13
20122013,8525,06-03-13,20122013,8126,06-03-13,3563,302U093,51, ,STORE,UPD,Y,Y,06-03-13
20122013,8526,06-03-13,20122013,8127,06-03-13,2164,302P337,51, ,STORE,UPD,Y,Y,06-03-13
20122013,8527,06-03-13,20122013,8128,06-03-13,96,302V207,51, ,STORE,ADD,Y,Y,06-03-13
20122013,8528,06-03-13,20122013,8071,05-03-13,NIL,302G253,51, ,STORE,ADD,Y,Y,06-03-13
20122013,8529,06-03-13,20122013,8071,05-03-13,NIL,302G253,51, ,STORE,ADD,Y,Y,06-03-13
20122013,8530,06-03-13,20122013,8129,06-03-13,3,302U091,51, ,STORE,ADD,N,N,06-03-13
20122013,8531,06-03-13,20122013,8130,06-03-13,2264,302P314,51, ,STORE,ADD,N,N,06-03-13
20122013,8532,06-03-13,20122013,8131,06-03-13,2266,302P314,51, ,STORE,ADD,N,N,06-03-13
20122013,8533,06-03-13,20122013,8132,06-03-13,96,302R231,51, ,STORE,ADD,N,N,06-03-13
20122013,8534,06-03-13,20122013,8133,06-03-13,78,302S801,51, ,STORE,ADD,N,N,06-03-13
20122013,8535,07-03-13,20122013,8134,07-03-13,166,302S421,51, ,STORE,ADD,N,N,07-03-13
20122013,8536,07-03-13,20122013,8135,07-03-13,656,302V059,51, ,STORE,ADD,Y,Y,07-03-13
20122013,8537,07-03-13,20122013,8136,07-03-13,1251,302W037,51, ,STORE,ADD,N,N,07-03-13
20122013,8538,07-03-13,20122013,8138,07-03-13,65,302J172,51, ,STORE,ADD,N,N,07-03-13
20122013,8539,07-03-13,20122013,8139,07-03-13,66,302J172,51, ,STORE,ADD,N,N,07-03-13
20122013,8540,07-03-13,20122013,8140,07-03-13,346,302S141,51, ,STORE,ADD,N,N,07-03-13
20122013,8541,07-03-13,20122013,8141,07-03-13,NIL,302J197,51, ,STORE,ADD,Y,Y,07-03-13
20122013,8542,07-03-13,20122013,8142,07-03-13,4217,302N176,51, ,STORE,ADD,Y,Y,07-03-13
20122013,8543,07-03-13,20122013,8143,07-03-13,8218,302S703,51, ,STORE,ADD,Y,Y,07-03-13
20122013,8544,07-03-13,20122013,8145,07-03-13,222,302M028,51, ,STORE,ADD,N,N,07-03-13
20122013,8545,07-03-13,20122013,8146,07-03-13,1588,302H114,51, ,STORE,ADD,N,N,07-03-13
20122013,8546,07-03-13,20122013,8147,07-03-13,1124,302S696,51, ,STORE,ADD,N,N,07-03-13
20122013,8547,07-03-13,20122013,8148,07-03-13,NIL,302I093,51, ,STORE,ADD,Y,Y,07-03-13
20122013,8548,07-03-13,20122013,8149,07-03-13,1353,302S900,51, ,STORE,ADD,Y,Y,07-03-13
20122013,8549,07-03-13,20122013,8150,07-03-13,1268,302G191,51, ,STORE,ADD,Y,Y,07-03-13
20122013,8550,07-03-13,20122013,8151,07-03-13,1452,302A477,51, ,STORE,ADD,Y,Y,07-03-13
20122013,8551,07-03-13,20122013,8152,07-03-13,405,302A477,51, ,STORE,ADD,N,N,07-03-13
20122013,8552,07-03-13,20122013,8153,07-03-13,949,302N170,51, ,STORE,ADD,Y,Y,07-03-13
20122013,8553,07-03-13,20122013,8154,07-03-13,613,302T141,51, ,STORE,ADD,Y,Y,07-03-13
20122013,8554,07-03-13,20122013,7935,27-02-13,294,302F081,51, ,STORE,ADD,Y,Y,07-03-13
20122013,8555,07-03-13,20122013,7976,01-03-13,EX-593,302B187,51, ,STORE,UPD,Y,Y,07-03-13
20122013,8556,07-03-13,20122013,8044,04-03-13,NIL,302K206,51, ,STORE,ADD,Y,Y,07-03-13
20122013,8557,07-03-13,20122013,8044,04-03-13,NIL,302K206,51, ,STORE,ADD,Y,Y,07-03-13
20122013,8558,07-03-13,20122013,8044,04-03-13,NIL,302K206,51, ,STORE,ADD,Y,Y,07-03-13
20122013,8559,07-03-13,20122013,8044,04-03-13,NIL,302K206,51, ,STORE,ADD,Y,Y,07-03-13
20122013,8560,08-03-13,20122013,8155,08-03-13,167,302S421,51, ,STORE,ADD,N,N,08-03-13
20122013,8561,08-03-13,20122013,8157,08-03-13,B-704,302V156,51, ,STORE,ADD,Y,Y,08-03-13
20122013,8562,08-03-13,20122013,8068,05-03-13,164,302F069,51, ,STORE,UPD,Y,Y,08-03-13
20122013,8563,08-03-13,20122013,8158,08-03-13,167,302F069,51, ,STORE,UPD,Y,Y,08-03-13
20122013,8564,08-03-13,20122013,8159,08-03-13,T-492,302N056,51, ,STORE,ADD,N,N,08-03-13
20122013,8565,08-03-13,20122013,8160,08-03-13,T-493,302N056,51, ,STORE,ADD,N,N,08-03-13
20122013,8566,08-03-13,20122013,8161,08-03-13,T-496,302N056,51, ,STORE,ADD,N,N,08-03-13
20122013,8567,08-03-13,20122013,8162,08-03-13,96,302D188,51, ,STORE,ADD,N,N,08-03-13
20122013,8568,08-03-13,20122013,8163,08-03-13,2285,302P314,51, ,STORE,ADD,N,N,08-03-13
20122013,8569,08-03-13,20122013,8164,08-03-13,376,302K159,51, ,STORE,ADD,N,N,08-03-13
20122013,8570,08-03-13,20122013,8165,08-03-13,150,302V059,51, ,STORE,ADD,Y,Y,08-03-13
20122013,8571,08-03-13,20122013,8166,08-03-13,748,302A406,51, ,STORE,ADD,N,N,08-03-13
20122013,8572,08-03-13,20122013,8167,08-03-13,736,302A406,51, ,STORE,ADD,N,N,08-03-13
20122013,8573,08-03-13,20122013,8168,08-03-13,737,302A406,51, ,STORE,ADD,N,N,08-03-13
20122013,8574,08-03-13,20122013,8169,08-03-13,1186,302A521,51, ,STORE,ADD,N,N,08-03-13
20122013,8575,08-03-13,20122013,8170,08-03-13,1285,302A521,51, ,STORE,ADD,N,N,08-03-13
20122013,8576,08-03-13,20122013,8171,08-03-13,2054,302D122,51, ,STORE,ADD,N,N,08-03-13
20122013,8577,08-03-13,20122013,8172,08-03-13,2055,302D122,51, ,STORE,ADD,N,N,08-03-13
20122013,8578,08-03-13,20122013,8173,08-03-13,2056,302D122,51, ,STORE,ADD,N,N,08-03-13
20122013,8579,08-03-13,20122013,8174,08-03-13,401,302D174,51, ,STORE,ADD,N,N,08-03-13
20122013,8580,08-03-13,20122013,8175,08-03-13,57,302K082,51, ,STORE,ADD,Y,Y,08-03-13
20122013,8581,08-03-13,20122013,8176,08-03-13,402,302G194,51, ,STORE,ADD,Y,Y,08-03-13
20122013,8582,08-03-13,20122013,8177,08-03-13,560,302D156,51, ,STORE,ADD,N,N,08-03-13
20122013,8583,08-03-13,20122013,8178,08-03-13,561,302D156,51, ,STORE,ADD,N,N,08-03-13
20122013,8584,08-03-13,20122013,8179,08-03-13,T-3683,302P332,51, ,STORE,ADD,N,N,08-03-13
20122013,8585,08-03-13,20122013,8180,08-03-13,3317,302G232,51, ,STORE,ADD,N,N,08-03-13
20122013,8586,08-03-13,20122013,8102,06-03-13,984,302I011,51, ,STORE,UPD,Y,Y,08-03-13
20122013,8587,09-03-13,20122013,8181,09-03-13,163,302S421,51, ,STORE,ADD,N,N,09-03-13
20122013,8588,09-03-13,20122013,8183,09-03-13,1995,302T141,51, ,STORE,ADD,Y,Y,09-03-13
20122013,8589,09-03-13,20122013,8184,09-03-13,481,302Z014,51, ,STORE,UPD,Y,Y,09-03-13
20122013,8590,09-03-13,20122013,8185,09-03-13,2010,302T141,51, ,STORE,UPD,Y,Y,09-03-13
20122013,8591,09-03-13,20122013,8156,08-03-13,NIL,302G253,51, ,STORE,ADD,Y,Y,09-03-13
20122013,8592,09-03-13,20122013,8156,08-03-13,NIL,302G253,51, ,STORE,ADD,Y,Y,09-03-13
20122013,8593,09-03-13,20122013,8156,08-03-13,NIL,302G253,51, ,STORE,ADD,Y,Y,09-03-13
20122013,8594,09-03-13,20122013,8188,09-03-13,89,302S240,51, ,STORE,ADD,N,N,09-03-13
20122013,8595,09-03-13,20122013,8186,09-03-13,T-2029,302S232,51, ,STORE,ADD,Y,Y,09-03-13
20122013,8596,09-03-13,20122013,8189,09-03-13,1629,302L082,51, ,STORE,ADD,N,N,09-03-13
20122013,8597,09-03-13,20122013,8190,09-03-13,1630,302L082,51, ,STORE,ADD,N,N,09-03-13
20122013,8598,09-03-13,20122013,8191,09-03-13,1631,302L082,51, ,STORE,ADD,N,N,09-03-13
20122013,8599,09-03-13,20122013,8192,09-03-13,1639,302L082,51, ,STORE,ADD,N,N,09-03-13
20122013,8600,09-03-13,20122013,8193,09-03-13,1640,302L082,51, ,STORE,ADD,N,N,09-03-13
20122013,8601,09-03-13,20122013,8194,09-03-13,196,302S877,51, ,STORE,ADD,N,N,09-03-13
20122013,8602,09-03-13,20122013,8195,09-03-13,153,302G282,51, ,STORE,ADD,N,N,09-03-13
20122013,8603,09-03-13,20122013,8196,09-03-13,169,302I100,51, ,STORE,ADD,N,N,09-03-13
20122013,8604,09-03-13,20122013,8197,09-03-13,1735,302M190,51, ,STORE,ADD,N,N,09-03-13
20122013,8605,09-03-13,20122013,8198,09-03-13,92,302I138,51, ,STORE,ADD,N,N,09-03-13
20122013,8606,09-03-13,20122013,8200,09-03-13,321,302W030,51, ,STORE,ADD,N,N,09-03-13
20122013,8607,09-03-13,20122013,8201,09-03-13,344,302M346,51, ,STORE,ADD,N,N,09-03-13
20122013,8608,09-03-13,20122013,8203,09-03-13,539,302A559,51, ,STORE,ADD,N,N,09-03-13
20122013,8609,09-03-13,20122013,8204,09-03-13,500,302V133,51, ,STORE,ADD,N,N,09-03-13
20122013,8610,09-03-13,20122013,8205,09-03-13,503,302V133,51, ,STORE,ADD,N,N,09-03-13
20122013,8611,09-03-13,20122013,8206,09-03-13,92,302R231,51, ,STORE,ADD,N,N,09-03-13
20122013,8612,09-03-13,20122013,8207,09-03-13,92,302K245,51, ,STORE,ADD,N,N,09-03-13
20122013,8613,09-03-13,20122013,8208,09-03-13,506,302N056,51, ,STORE,ADD,N,N,09-03-13
20122013,8614,09-03-13,20122013,8209,09-03-13,T-507,302N056,51, ,STORE,ADD,N,N,09-03-13
20122013,8615,09-03-13,20122013,8210,09-03-13,4266,302N176,51, ,STORE,ADD,Y,Y,09-03-13
20122013,8616,09-03-13,20122013,8211,09-03-13,4267,302N176,51, ,STORE,ADD,Y,Y,09-03-13
20122013,8617,09-03-13,20122013,8212,09-03-13,1000,302A533,51, ,STORE,ADD,Y,Y,09-03-13
20122013,8618,11-03-13,20122013,8213,11-03-13,168,302S421,51, ,STORE,ADD,N,N,11-03-13
20122013,8619,11-03-13,20122013,8214,11-03-13,NIL,302S866,51, ,STORE,ADD,Y,Y,11-03-13
20122013,8620,11-03-13,20122013,8215,11-03-13,152,302V059,51, ,STORE,ADD,Y,Y,11-03-13
20122013,8621,11-03-13,20122013,8216,11-03-13,B-707,302V156,51, ,STORE,ADD,Y,Y,11-03-13
20122013,8622,11-03-13,20122013,8217,11-03-13,4268,302N176,51, ,STORE,ADD,Y,Y,11-03-13
20122013,8623,11-03-13,20122013,8218,11-03-13,76,302S801,51, ,STORE,ADD,N,N,11-03-13
20122013,8624,11-03-13,20122013,8219,11-03-13,1602,302H114,51, ,STORE,ADD,N,N,11-03-13
20122013,8625,11-03-13,20122013,8220,11-03-13,1651,302L082,51, ,STORE,ADD,N,N,11-03-13
20122013,8626,11-03-13,20122013,8221,11-03-13,1784,302A161,51, ,STORE,UPD,Y,Y,11-03-13
20122013,8627,11-03-13,20122013,8221,11-03-13,1784,302A161,51, ,STORE,ADD,Y,Y,11-03-13
20122013,8628,11-03-13,20122013,8222,11-03-13,1784,302A161,51, ,STORE,ADD,Y,Y,11-03-13
20122013,8629,11-03-13,20122013,8222,11-03-13,1784,302A161,51, ,STORE,ADD,Y,Y,11-03-13
20122013,8630,11-03-13,20122013,8223,11-03-13,T-509,302N056,51, ,STORE,ADD,N,N,11-03-13
20122013,8631,11-03-13,20122013,8224,11-03-13,T-510,302N056,51, ,STORE,ADD,N,N,11-03-13
20122013,8632,11-03-13,20122013,8225,11-03-13,T-514,302N056,51, ,STORE,ADD,N,N,11-03-13
20122013,8633,11-03-13,20122013,8226,11-03-13,1517,302T151,51, ,STORE,ADD,N,N,11-03-13
20122013,8634,11-03-13,20122013,8227,11-03-13,2011,302T141,51, ,STORE,ADD,Y,Y,11-03-13
20122013,8635,11-03-13,20122013,8228,11-03-13,T-217,302V184,51, ,STORE,ADD,N,N,11-03-13
20122013,8636,12-03-13,20122013,8249,12-03-13,170,302S421,51, ,STORE,ADD,N,N,12-03-13
20122013,8637,12-03-13,20122013,8229,11-03-13,2031,302T141,51, ,STORE,ADD,Y,Y,12-03-13
20122013,8638,12-03-13,20122013,8230,11-03-13,2032,302T141,51, ,STORE,ADD,Y,Y,12-03-13
20122013,8639,12-03-13,20122013,8231,11-03-13,90,302S240,51, ,STORE,ADD,N,N,12-03-13
20122013,8640,12-03-13,20122013,8232,11-03-13,1440,302S419,51, ,STORE,ADD,N,N,12-03-13
20122013,8641,12-03-13,20122013,8233,11-03-13,314,302F081,51, ,STORE,ADD,Y,Y,12-03-13
20122013,8642,12-03-13,20122013,8234,11-03-13,T-262,302S710,51, ,STORE,ADD,N,N,12-03-13
20122013,8643,12-03-13,20122013,8235,11-03-13,511,302R235,51, ,STORE,ADD,N,N,12-03-13
20122013,8644,12-03-13,20122013,8236,11-03-13,32,302G267,51, ,STORE,ADD,N,N,12-03-13
20122013,8645,12-03-13,20122013,8237,11-03-13,2012,302T141,51, ,STORE,ADD,Y,Y,12-03-13
20122013,8646,12-03-13,20122013,8238,11-03-13,1524,302T151,51, ,STORE,ADD,N,N,12-03-13
20122013,8647,12-03-13,20122013,8239,11-03-13,848,302P252,51, ,STORE,UPD,Y,Y,12-03-13
20122013,8648,12-03-13,20122013,8016,02-03-13,EX-374,302S788,51, ,STORE,UPD,Y,Y,12-03-13
20122013,8649,12-03-13,20122013,8079,05-03-13,EX-377,302S788,51, ,STORE,ADD,Y,Y,12-03-13
20122013,8650,12-03-13,20122013,8240,11-03-13,EX-386,302S788,51, ,STORE,UPD,Y,Y,12-03-13
20122013,8651,12-03-13,20122013,8241,11-03-13,3591,302U093,51, ,STORE,ADD,Y,Y,12-03-13
20122013,8652,12-03-13,20122013,8242,11-03-13,3592,302U093,51, ,STORE,ADD,Y,Y,12-03-13
20122013,8653,12-03-13,20122013,8244,11-03-13,8307,302S703,51, ,STORE,ADD,Y,Y,12-03-13
20122013,8654,12-03-13,20122013,8245,11-03-13,8308,302S703,51, ,STORE,ADD,Y,Y,12-03-13
20122013,8655,12-03-13,20122013,8246,11-03-13,21,302A170,51, ,STORE,ADD,N,N,12-03-13
20122013,8656,12-03-13,20122013,8247,11-03-13,22,302A170,51, ,STORE,ADD,N,N,12-03-13
20122013,8657,12-03-13,20122013,8248,11-03-13,22,302A170,51, ,STORE,ADD,N,N,12-03-13
20122013,8658,12-03-13,20122013,8243,11-03-13,3593,302U093,51, ,STORE,UPD,Y,Y,12-03-13
20122013,8659,12-03-13,20122013,8250,12-03-13,175,302S421,51, ,STORE,ADD,N,N,12-03-13
20122013,8660,12-03-13,20122013,8251,12-03-13,B-706,302V156,51, ,STORE,ADD,Y,Y,12-03-13
20122013,8661,12-03-13,20122013,8252,12-03-13,NIL,302J197,51, ,STORE,ADD,Y,Y,12-03-13
20122013,8662,12-03-13,20122013,8253,12-03-13,T-1275,302W037,51, ,STORE,ADD,N,N,12-03-13
20122013,8663,12-03-13,20122013,8254,12-03-13,20,302A170,51, ,STORE,ADD,N,N,12-03-13
20122013,8664,12-03-13,20122013,8255,12-03-13,19,302A170,51, ,STORE,ADD,N,N,12-03-13
20122013,8665,12-03-13,20122013,8256,12-03-13,1505,302H114,51, ,STORE,ADD,N,N,12-03-13
20122013,8666,12-03-13,20122013,8257,12-03-13,4293,302N176,51, ,STORE,ADD,Y,Y,12-03-13
20122013,8667,12-03-13,20122013,8258,12-03-13,2745,302A113,51, ,STORE,ADD,N,N,12-03-13
20122013,8668,12-03-13,20122013,8259,12-03-13,2300,302P314,51, ,STORE,ADD,N,N,12-03-13
20122013,8669,12-03-13,20122013,8260,12-03-13,510,302V133,51, ,STORE,ADD,N,N,12-03-13
20122013,8670,12-03-13,20122013,8263,12-03-13,204,302M028,51, ,STORE,ADD,N,N,12-03-13
20122013,8671,12-03-13,20122013,8264,12-03-13,A-971,302V156,51, ,STORE,UPD,Y,Y,12-03-13
20122013,8672,12-03-13,20122013,8268,12-03-13,752,302R179,51, ,STORE,ADD,N,N,12-03-13
20122013,8673,12-03-13,20122013,8137,07-03-13,E-564,302W037,51, ,STORE,ADD,Y,Y,12-03-13
20122013,8674,13-03-13,20122013,8287,13-03-13,157,302S421,51, ,STORE,ADD,N,N,13-03-13
20122013,8675,13-03-13,20122013,8269,12-03-13,NIL,302S866,51, ,STORE,ADD,Y,Y,13-03-13
20122013,8676,13-03-13,20122013,8270,12-03-13,NIL,302S866,51, ,STORE,ADD,Y,Y,13-03-13
20122013,8677,13-03-13,20122013,8271,12-03-13,643,302V059,51, ,STORE,ADD,Y,Y,13-03-13
20122013,8678,13-03-13,20122013,8272,12-03-13,124,302L076,51, ,STORE,ADD,N,N,13-03-13
20122013,8679,13-03-13,20122013,8273,12-03-13,228,302N160,51, ,STORE,UPD,Y,Y,13-03-13
20122013,8680,13-03-13,20122013,8274,12-03-13,NIL,302A565,51, ,STORE,ADD,N,N,13-03-13
20122013,8681,13-03-13,20122013,8275,12-03-13,1456,302R167,51, ,STORE,ADD,Y,Y,13-03-13
20122013,8682,13-03-13,20122013,8276,12-03-13,2299,302P314,51, ,STORE,ADD,N,N,13-03-13
20122013,8683,13-03-13,20122013,8277,12-03-13,EX-125,302A489,51, ,STORE,ADD,Y,Y,13-03-13
20122013,8684,13-03-13,20122013,8278,12-03-13,224,302M028,51, ,STORE,ADD,N,N,13-03-13
20122013,8685,13-03-13,20122013,8279,12-03-13,225,302M028,51, ,STORE,ADD,N,N,13-03-13
20122013,8686,13-03-13,20122013,8280,12-03-13,226,302M028,51, ,STORE,ADD,N,N,13-03-13
20122013,8687,13-03-13,20122013,8281,12-03-13,227,302M028,51, ,STORE,ADD,N,N,13-03-13
20122013,8688,13-03-13,20122013,8282,12-03-13,8353,302S703,51, ,STORE,ADD,Y,Y,13-03-13
20122013,8689,13-03-13,20122013,8283,12-03-13,762,302A406,51, ,STORE,ADD,N,N,13-03-13
20122013,8690,13-03-13,20122013,8284,12-03-13,547,302J150,51, ,STORE,ADD,N,N,13-03-13
20122013,8691,13-03-13,20122013,8285,12-03-13,205,302B239,51, ,STORE,ADD,N,N,13-03-13
20122013,8692,13-03-13,20122013,8286,12-03-13,217,302M028,51, ,STORE,ADD,N,N,13-03-13
20122013,8693,13-03-13,20122013,8288,13-03-13,636,302M151,51, ,STORE,ADD,N,N,13-03-13
20122013,8694,13-03-13,20122013,8289,13-03-13,637,302M151,51, ,STORE,ADD,N,N,13-03-13
20122013,8695,13-03-13,20122013,8290,13-03-13,643,302M151,51, ,STORE,ADD,N,N,13-03-13
20122013,8696,13-03-13,20122013,8291,13-03-13,73,302N210,51, ,STORE,ADD,N,N,13-03-13
20122013,8697,13-03-13,20122013,8292,13-03-13,153,302V059,51, ,STORE,ADD,Y,Y,13-03-13
20122013,8698,13-03-13,20122013,8293,13-03-13,155,302V059,51, ,STORE,ADD,Y,Y,13-03-13
20122013,8699,13-03-13,20122013,8294,13-03-13,1300,302G191,51, ,STORE,ADD,Y,Y,13-03-13
20122013,8700,13-03-13,20122013,8295,13-03-13,3607,302U093,51, ,STORE,ADD,Y,Y,13-03-13
20122013,8701,13-03-13,20122013,8296,13-03-13,931,302M294,51, ,STORE,ADD,N,N,13-03-13
20122013,8702,13-03-13,20122013,8297,13-03-13,T-232,302R226,51, ,STORE,UPD,N,N,13-03-13
20122013,8703,13-03-13,20122013,8298,13-03-13,4303,302N176,51, ,STORE,ADD,Y,Y,13-03-13
20122013,8704,13-03-13,20122013,8299,13-03-13,12031,302M318,51, ,STORE,ADD,N,N,13-03-13
20122013,8705,13-03-13,20122013,8300,13-03-13,80,302S801,51, ,STORE,ADD,N,N,13-03-13
20122013,8706,13-03-13,20122013,8301,13-03-13,459,302I133,51, ,STORE,ADD,N,N,13-03-13
20122013,8707,13-03-13,20122013,8302,13-03-13,120,302C183,51, ,STORE,ADD,N,N,13-03-13
20122013,8708,13-03-13,20122013,8265,12-03-13,NIL,302G253,51, ,STORE,ADD,Y,Y,13-03-13
20122013,8709,13-03-13,20122013,8265,12-03-13,NIL,302G253,51, ,STORE,ADD,Y,Y,13-03-13
20122013,8710,13-03-13,20122013,8265,12-03-13,NIL,302G253,51, ,STORE,ADD,Y,Y,13-03-13
20122013,8711,13-03-13,20122013,8187,09-03-13,998,302I011,51, ,STORE,ADD,Y,Y,13-03-13
20122013,8712,13-03-13,20122013,8303,13-03-13,1751,302M190,51, ,STORE,ADD,N,N,13-03-13
20122013,8713,13-03-13,20122013,8304,13-03-13,67,302J172,51, ,STORE,ADD,N,N,13-03-13
20122013,8714,13-03-13,20122013,8305,13-03-13,3221,302S017,51, ,STORE,ADD,N,N,13-03-13
20122013,8715,13-03-13,20122013,8306,13-03-13,3222,302S017,51, ,STORE,ADD,N,N,13-03-13
20122013,8716,13-03-13,20122013,8307,13-03-13,3132,302S017,51, ,STORE,ADD,N,N,13-03-13
20122013,8717,13-03-13,20122013,8308,13-03-13,349,3.02E+41,51, ,STORE,ADD,N,N,13-03-13
20122013,8718,13-03-13,20122013,8312,13-03-13,91,302S240,51, ,STORE,ADD,N,N,13-03-13
20122013,8719,13-03-13,20122013,8313,13-03-13,92,302S240,51, ,STORE,ADD,N,N,13-03-13
20122013,8720,13-03-13,20122013,8314,13-03-13,1620,302H114,51, ,STORE,ADD,N,N,13-03-13
20122013,8721,13-03-13,20122013,8315,13-03-13,1618,302H114,51, ,STORE,ADD,N,N,13-03-13
20122013,8722,13-03-13,20122013,8316,13-03-13,52,302T152,51, ,STORE,ADD,N,N,13-03-13
20122013,8723,13-03-13,20122013,8317,13-03-13,1529,302T151,51, ,STORE,ADD,N,N,13-03-13
20122013,8724,13-03-13,20122013,8318,13-03-13,493,302M261,51, ,STORE,ADD,N,N,13-03-13
20122013,8725,13-03-13,20122013,8319,13-03-13,1192,302K120,51, ,STORE,ADD,N,N,13-03-13
20122013,8726,13-03-13,20122013,8320,13-03-13,1238,302K120,51, ,STORE,ADD,N,N,13-03-13
20122013,8727,14-03-13,20122013,8321,14-03-13,162,302S421,51, ,STORE,ADD,N,N,14-03-13
20122013,8728,14-03-13,20122013,8322,14-03-13,NIL,302S873,51, ,STORE,ADD,Y,Y,14-03-13
20122013,8729,14-03-13,20122013,8323,14-03-13,969,302N170,51, ,STORE,ADD,Y,Y,14-03-13
20122013,8730,14-03-13,20122013,8324,14-03-13,183,302G205,51, ,STORE,ADD,N,N,14-03-13
20122013,8731,14-03-13,20122013,8324,14-03-13,183,302G205,51, ,STORE,ADD,N,N,14-03-13
20122013,8732,15-03-13,20122013,8325,15-03-13,158,302S421,51, ,STORE,ADD,N,N,15-03-13
20122013,8733,15-03-13,20122013,8326,15-03-13,3368,302S742,51, ,STORE,ADD,N,N,15-03-13
20122013,8734,15-03-13,20122013,8202,09-03-13,2,302R282,51, ,STORE,ADD,N,N,15-03-13
20122013,8735,15-03-13,20122013,8327,15-03-13,156,302V059,51, ,STORE,ADD,Y,Y,15-03-13
20122013,8736,15-03-13,20122013,8328,15-03-13,4329,302N176,51, ,STORE,ADD,Y,Y,15-03-13
20122013,8737,15-03-13,20122013,8329,15-03-13,4333,302N176,51, ,STORE,ADD,Y,Y,15-03-13
20122013,8738,15-03-13,20122013,8330,15-03-13,4334,302N176,51, ,STORE,ADD,Y,Y,15-03-13
20122013,8739,15-03-13,20122013,8331,15-03-13,144CH,302T029,51, ,STORE,ADD,Y,Y,15-03-13
20122013,8740,15-03-13,20122013,8182,09-03-13,608,302B187,51, ,STORE,UPD,Y,Y,15-03-13
20122013,8741,15-03-13,20122013,8332,15-03-13,NIL,302K206,51, ,STORE,ADD,Y,Y,15-03-13
20122013,8742,15-03-13,20122013,8332,15-03-13,NIL,302K206,51, ,STORE,ADD,Y,Y,15-03-13
20122013,8743,15-03-13,20122013,8332,15-03-13,NIL,302K206,51, ,STORE,ADD,Y,Y,15-03-13
20122013,8744,15-03-13,20122013,8332,15-03-13,NIL,302K206,51, ,STORE,ADD,Y,Y,15-03-13
20122013,8745,15-03-13,20122013,8333,15-03-13,2713,302T127,51, ,STORE,ADD,Y,Y,15-03-13
20122013,8746,15-03-13,20122013,8334,15-03-13,973,302M009,51, ,STORE,ADD,N,N,15-03-13
20122013,8747,15-03-13,20122013,8335,15-03-13,EX-101,302A533,51, ,STORE,ADD,Y,Y,15-03-13
20122013,8748,15-03-13,20122013,8336,15-03-13,1774,302M190,51, ,STORE,ADD,N,N,15-03-13
20122013,8749,15-03-13,20122013,8337,15-03-13,NIL,302J197,51, ,STORE,ADD,Y,Y,15-03-13
20122013,8750,15-03-13,20122013,8338,15-03-13,NIL,302S866,51, ,STORE,ADD,Y,Y,15-03-13
20122013,8751,15-03-13,20122013,8339,15-03-13,NIL,302J197,51, ,STORE,ADD,Y,Y,15-03-13
20122013,8752,15-03-13,20122013,8340,15-03-13,NIL,302J197,51, ,STORE,ADD,Y,Y,15-03-13
20122013,8753,15-03-13,20122013,8341,15-03-13,2265,302P314,51, ,STORE,ADD,N,N,15-03-13
20122013,8754,15-03-13,20122013,8342,15-03-13,4343,302N176,51, ,STORE,ADD,Y,Y,15-03-13
20122013,8755,15-03-13,20122013,8343,15-03-13,4344,302N176,51, ,STORE,ADD,Y,Y,15-03-13
20122013,8756,15-03-13,20122013,8345,15-03-13,4345,302N176,51, ,STORE,ADD,Y,Y,15-03-13
20122013,8757,15-03-13,20122013,8346,15-03-13,229,302M028,51, ,STORE,ADD,N,N,15-03-13
20122013,8758,15-03-13,20122013,8347,15-03-13,231,302M028,51, ,STORE,ADD,N,N,15-03-13
20122013,8759,15-03-13,20122013,8348,15-03-13,1638,302H114,51, ,STORE,ADD,N,N,15-03-13
20122013,8760,15-03-13,20122013,8350,15-03-13,1282,302C104,51, ,STORE,ADD,N,N,15-03-13
20122013,8761,15-03-13,20122013,8351,15-03-13,82,302S801,51, ,STORE,ADD,N,N,15-03-13
20122013,8762,15-03-13,20122013,8353,15-03-13,4349,302N176,51, ,STORE,ADD,Y,Y,15-03-13
20122013,8763,15-03-13,20122013,8354,15-03-13,NIL,302I011,51, ,STORE,ADD,N,N,15-03-13
20122013,8764,15-03-13,20122013,8355,15-03-13,1624,302H114,51, ,STORE,ADD,N,N,15-03-13
20122013,8765,15-03-13,20122013,8356,15-03-13,1623,302H114,51, ,STORE,ADD,N,N,15-03-13
20122013,8766,15-03-13,20122013,8357,15-03-13,1626,302H114,51, ,STORE,ADD,N,N,15-03-13
20122013,8767,15-03-13,20122013,8358,15-03-13,4346,302N176,51, ,STORE,ADD,Y,Y,15-03-13
20122013,8768,15-03-13,20122013,8359,15-03-13,EX-33,302M164,51, ,STORE,UPD,Y,Y,15-03-13
20122013,8769,15-03-13,20122013,8360,15-03-13,EX-34,302M164,51, ,STORE,UPD,Y,Y,15-03-13
20122013,8770,15-03-13,20122013,8361,15-03-13,222,302U082,51, ,STORE,ADD,N,N,15-03-13
20122013,8771,15-03-13,20122013,8362,15-03-13,225,302U082,51, ,STORE,ADD,N,N,15-03-13
20122013,8772,15-03-13,20122013,8363,15-03-13,T-529,302N056,51, ,STORE,ADD,N,N,15-03-13
20122013,8774,16-03-13,20122013,8364,16-03-13,171,302S421,51, ,STORE,ADD,N,N,16-03-13
20122013,8775,16-03-13,20122013,8365,16-03-13,469,302M261,51, ,STORE,ADD,N,N,16-03-13
20122013,8776,16-03-13,20122013,8366,16-03-13,475,302M261,51, ,STORE,ADD,N,N,16-03-13
20122013,8777,16-03-13,20122013,8367,16-03-13,1356,302S900,51, ,STORE,ADD,Y,Y,16-03-13
20122013,8778,16-03-13,20122013,8368,16-03-13,1743,302R180,51, ,STORE,ADD,N,N,16-03-13
20122013,8779,16-03-13,20122013,8369,16-03-13,1118,302T098,51, ,STORE,ADD,Y,Y,16-03-13
20122013,8780,16-03-13,20122013,8370,16-03-13,1119,302T098,51, ,STORE,ADD,Y,Y,16-03-13
20122013,8781,16-03-13,20122013,8371,16-03-13,1120,302T098,51, ,STORE,ADD,Y,Y,16-03-13
20122013,8782,16-03-13,20122013,8309,13-03-13,907,302P336,51, ,STORE,ADD,Y,Y,16-03-13
20122013,8783,16-03-13,20122013,8310,13-03-13,908,302P336,51, ,STORE,ADD,Y,Y,16-03-13
20122013,8784,16-03-13,20122013,8311,13-03-13,909,302P336,51, ,STORE,UPD,Y,Y,16-03-13
20122013,8785,16-03-13,20122013,8372,16-03-13,171,302F069,51, ,STORE,ADD,Y,Y,16-03-13
20122013,8786,16-03-13,20122013,8373,16-03-13,172,302F069,51, ,STORE,ADD,Y,Y,16-03-13
20122013,8787,16-03-13,20122013,8375,16-03-13,1996,302K192,51, ,STORE,ADD,N,N,16-03-13
20122013,8788,16-03-13,20122013,8376,16-03-13,1122,302T098,51, ,STORE,ADD,Y,Y,16-03-13
20122013,8789,16-03-13,20122013,8377,16-03-13,T-516,302N056,51, ,STORE,ADD,N,N,16-03-13
20122013,8790,16-03-13,20122013,8378,16-03-13,T-517,302N056,51, ,STORE,ADD,N,N,16-03-13
20122013,8791,16-03-13,20122013,8379,16-03-13,T-518,302N056,51, ,STORE,ADD,N,N,16-03-13
20122013,8792,16-03-13,20122013,8380,16-03-13,T518-1,302N056,51, ,STORE,ADD,N,N,16-03-13
20122013,8793,16-03-13,20122013,8381,16-03-13,T-519,302N056,51, ,STORE,ADD,N,N,16-03-13
20122013,8794,16-03-13,20122013,8382,16-03-13,EX-603,302B187,51, ,STORE,UPD,Y,Y,16-03-13
20122013,8795,16-03-13,20122013,8383,16-03-13,T-521,302N056,51, ,STORE,ADD,N,N,16-03-13
20122013,8796,16-03-13,20122013,8385,16-03-13,NIL,302B144,51, ,STORE,ADD,Y,Y,16-03-13
20122013,8797,16-03-13,20122013,8385,16-03-13,NIL,302B144,51, ,STORE,ADD,Y,Y,16-03-13
20122013,8798,16-03-13,20122013,8385,16-03-13,NIL,302B144,51, ,STORE,UPD,Y,Y,16-03-13
20122013,8799,16-03-13,20122013,8385,16-03-13,NIL,302B144,51, ,STORE,ADD,Y,Y,16-03-13
20122013,8800,16-03-13,20122013,8385,16-03-13,NIL,302B144,51, ,STORE,ADD,Y,Y,16-03-13
20122013,8802,18-03-13,20122013,8386,18-03-13,178,302S421,51, ,STORE,ADD,N,N,18-03-13
20122013,8803,18-03-13,20122013,8387,18-03-13,NIL,302S866,51, ,STORE,UPD,Y,Y,18-03-13
20122013,8804,18-03-13,20122013,8388,18-03-13,157,302V059,51, ,STORE,ADD,Y,Y,18-03-13
20122013,8805,18-03-13,20122013,8389,18-03-13,B-724,302V156,51, ,STORE,ADD,Y,Y,18-03-13
20122013,8806,18-03-13,20122013,8390,18-03-13,B-726,302V156,51, ,STORE,ADD,Y,Y,18-03-13
20122013,8807,18-03-13,20122013,8391,18-03-13,NIL,302J197,51, ,STORE,ADD,Y,Y,18-03-13
20122013,8808,18-03-13,20122013,8392,18-03-13,1330,302G191,51, ,STORE,ADD,Y,Y,18-03-13
20122013,8809,18-03-13,20122013,8393,18-03-13,4373,302N176,51, ,STORE,ADD,Y,Y,18-03-13
20122013,8810,18-03-13,20122013,8394,18-03-13,4374,302N176,51, ,STORE,ADD,Y,Y,18-03-13
20122013,8811,18-03-13,20122013,8374,16-03-13,NIL,302I093,51, ,STORE,ADD,Y,Y,18-03-13
20122013,8812,18-03-13,20122013,8374,16-03-13,NIL,302I093,51, ,STORE,ADD,Y,Y,18-03-13
20122013,8813,18-03-13,20122013,8395,18-03-13,27,302P041,51, ,STORE,ADD,Y,Y,18-03-13
20122013,8814,18-03-13,20122013,8396,18-03-13,28,302P041,51, ,STORE,ADD,Y,Y,18-03-13
20122013,8815,18-03-13,20122013,8397,18-03-13,26,302P041,51, ,STORE,ADD,Y,Y,18-03-13
20122013,8816,18-03-13,20122013,8398,18-03-13,213,302P290,51, ,STORE,ADD,N,N,18-03-13
20122013,8817,18-03-13,20122013,8398,18-03-13,213,302P290,51, ,STORE,ADD,N,N,18-03-13
20122013,8818,18-03-13,20122013,8399,18-03-13,G-524,302P041,51, ,STORE,ADD,Y,Y,18-03-13
20122013,8819,18-03-13,20122013,8401,18-03-13,1123,302T098,51, ,STORE,ADD,Y,Y,18-03-13
20122013,8820,18-03-13,20122013,8402,18-03-13,1124,302T098,51, ,STORE,ADD,Y,Y,18-03-13
20122013,8821,18-03-13,20122013,8403,18-03-13,1126,302T098,51, ,STORE,ADD,Y,Y,18-03-13
20122013,8822,18-03-13,20122013,8404,18-03-13,2105,302T141,51, ,STORE,ADD,Y,Y,18-03-13
20122013,8823,18-03-13,20122013,8405,18-03-13,2108,302T141,51, ,STORE,ADD,Y,Y,18-03-13
20122013,8824,18-03-13,20122013,8406,18-03-13,2471,302M243,51, ,STORE,ADD,Y,Y,18-03-13
20122013,8825,18-03-13,20122013,8407,18-03-13,EX-345,302S846,51, ,STORE,ADD,Y,Y,18-03-13
20122013,8826,18-03-13,20122013,8407,18-03-13,EX-345,302S846,51, ,STORE,ADD,Y,Y,18-03-13
20122013,8827,18-03-13,20122013,8408,18-03-13,NIL,302K159,51, ,STORE,ADD,N,N,18-03-13
20122013,8828,18-03-13,20122013,8409,18-03-13,3426,302G232,51, ,STORE,ADD,N,N,18-03-13
20122013,8829,18-03-13,20122013,8410,18-03-13,25,302J174,51, ,STORE,ADD,N,N,18-03-13
20122013,8830,18-03-13,20122013,8411,18-03-13,1462,302S419,51, ,STORE,ADD,N,N,18-03-13
20122013,8831,18-03-13,20122013,8412,18-03-13,1070,302B193,51, ,STORE,ADD,N,N,18-03-13
20122013,8832,18-03-13,20122013,8413,18-03-13,59,302D168,51, ,STORE,ADD,N,N,18-03-13
20122013,8833,18-03-13,20122013,8414,18-03-13,117,302K216,51, ,STORE,ADD,N,N,18-03-13
20122013,8834,18-03-13,20122013,8415,18-03-13,695,302N164,51, ,STORE,ADD,N,N,18-03-13
20122013,8835,18-03-13,20122013,8416,18-03-13,8482,302S703,51, ,STORE,ADD,Y,Y,18-03-13
20122013,8836,18-03-13,20122013,8417,18-03-13,776,302A406,51, ,STORE,ADD,N,N,18-03-13
20122013,8837,18-03-13,20122013,8418,18-03-13,777,302A406,51, ,STORE,ADD,N,N,18-03-13
20122013,8838,18-03-13,20122013,8419,18-03-13,587,302D156,51, ,STORE,ADD,N,N,18-03-13
20122013,8839,18-03-13,20122013,8420,18-03-13,399,302M186,51, ,STORE,ADD,N,N,18-03-13
20122013,8840,18-03-13,20122013,8421,18-03-13,348,302S791,51, ,STORE,ADD,N,N,18-03-13
20122013,8841,18-03-13,20122013,8422,18-03-13,4386,302N176,51, ,STORE,ADD,Y,Y,18-03-13
20122013,8842,18-03-13,20122013,8423,18-03-13,4387,302N176,51, ,STORE,ADD,Y,Y,18-03-13
20122013,8843,19-03-13,20122013,8424,19-03-13,177,302S421,51, ,STORE,ADD,N,N,19-03-13
20122013,8844,19-03-13,20122013,8425,19-03-13,1438,302B197,51, ,STORE,ADD,N,N,19-03-13
20122013,8845,19-03-13,20122013,8426,19-03-13,EX-605,302B187,51, ,STORE,UPD,Y,Y,19-03-13
20122013,8846,19-03-13,20122013,8427,19-03-13,NIL,302S866,51, ,STORE,ADD,Y,Y,19-03-13
20122013,8847,19-03-13,20122013,8428,19-03-13,1340,302G191,51, ,STORE,ADD,Y,Y,19-03-13
20122013,8848,19-03-13,20122013,8429,19-03-13,1443,302A504,51, ,STORE,ADD,N,N,19-03-13
20122013,8849,19-03-13,20122013,8430,19-03-13,2205,302A543,51, ,STORE,ADD,N,N,19-03-13
20122013,8850,19-03-13,20122013,8431,19-03-13,T-719,302K205,51, ,STORE,ADD,N,N,19-03-13
20122013,8851,19-03-13,20122013,8433,19-03-13,730,302U079,51, ,STORE,ADD,N,N,19-03-13
20122013,8852,19-03-13,20122013,8434,19-03-13,NIL,302D202,51, ,STORE,ADD,Y,Y,19-03-13
20122013,8853,19-03-13,20122013,8435,19-03-13,NIL,302D202,51, ,STORE,ADD,Y,Y,19-03-13
20122013,8854,19-03-13,20122013,8435,19-03-13,NIL,302D202,51, ,STORE,ADD,Y,Y,19-03-13
20122013,8855,19-03-13,20122013,8437,19-03-13,C-334,302S229,51, ,STORE,ADD,N,N,19-03-13
20122013,8856,19-03-13,20122013,8436,19-03-13,C-335,302S229,51, ,STORE,ADD,N,N,19-03-13
20122013,8857,19-03-13,20122013,8438,19-03-13,982,302N170,51, ,STORE,ADD,Y,Y,19-03-13
20122013,8858,19-03-13,20122013,8439,19-03-13,1132,302A473,51, ,STORE,UPD,Y,Y,19-03-13
20122013,8859,19-03-13,20122013,8440,19-03-13,1132,302A473,51, ,STORE,UPD,Y,Y,19-03-13
20122013,8860,19-03-13,20122013,8441,19-03-13,NIL,302I093,51, ,STORE,ADD,N,N,19-03-13
20122013,8861,19-03-13,20122013,8266,12-03-13,A-172,302T155,51, ,STORE,ADD,Y,Y,19-03-13
20122013,8862,19-03-13,20122013,8266,12-03-13,A-172,302T155,51, ,STORE,ADD,Y,Y,19-03-13
20122013,8863,19-03-13,20122013,8266,12-03-13,A-172,302T155,51, ,STORE,ADD,Y,Y,19-03-13
20122013,8864,19-03-13,20122013,8400,18-03-13,NIL,302G253,51, ,STORE,ADD,Y,Y,19-03-13
20122013,8865,19-03-13,20122013,8400,18-03-13,NIL,302G253,51, ,STORE,ADD,Y,Y,19-03-13
20122013,8866,19-03-13,20122013,8400,18-03-13,NIL,302G253,51, ,STORE,ADD,Y,Y,19-03-13
20122013,8867,19-03-13,20122013,8442,19-03-13,NIL,302I093,51, ,STORE,UPD,N,N,19-03-13
20122013,8868,19-03-13,20122013,8443,19-03-13,V-46,302C076,51, ,STORE,ADD,N,N,19-03-13
20122013,8869,19-03-13,20122013,8444,19-03-13,NIL,302K060,51, ,STORE,ADD,Y,Y,19-03-13
20122013,8870,19-03-13,20122013,8445,19-03-13,495,302Z014,51, ,STORE,ADD,Y,Y,19-03-13
20122013,8871,19-03-13,20122013,8446,19-03-13,T-238,302S545,51, ,STORE,ADD,N,N,19-03-13
20122013,8872,19-03-13,20122013,8448,19-03-13,2348,302P314,51, ,STORE,ADD,N,N,19-03-13
20122013,8873,19-03-13,20122013,8449,19-03-13,V-51,302C076,51, ,STORE,ADD,N,N,19-03-13
20122013,8874,19-03-13,20122013,8450,19-03-13,982,302M009,51, ,STORE,ADD,N,N,19-03-13
20122013,8875,19-03-13,20122013,8451,19-03-13,980,302M009,51, ,STORE,ADD,N,N,19-03-13
20122013,8876,19-03-13,20122013,8452,19-03-13,325,302M333,51, ,STORE,ADD,N,N,19-03-13
20122013,8877,19-03-13,20122013,8453,19-03-13,8493,302S703,51, ,STORE,UPD,Y,Y,19-03-13
20122013,8878,19-03-13,20122013,8454,19-03-13,569,302M176,51, ,STORE,ADD,N,N,19-03-13
20122013,8879,19-03-13,20122013,8455,19-03-13,466,302M176,51, ,STORE,ADD,N,N,19-03-13
20122013,8880,19-03-13,20122013,8456,19-03-13,8496,302S703,51, ,STORE,ADD,Y,Y,19-03-13
20122013,8881,19-03-13,20122013,8457,19-03-13,1662,302H114,51, ,STORE,ADD,N,N,19-03-13
20122013,8882,19-03-13,20122013,8458,19-03-13,1664,302H114,51, ,STORE,ADD,N,N,19-03-13
20122013,8883,19-03-13,20122013,8459,19-03-13,1661,302H114,51, ,STORE,ADD,N,N,19-03-13
20122013,8884,19-03-13,20122013,8460,19-03-13,1659,302H114,51, ,STORE,ADD,N,N,19-03-13
20122013,8885,19-03-13,20122013,8461,19-03-13,1660,302H114,51, ,STORE,ADD,N,N,19-03-13
20122013,8886,19-03-13,20122013,8462,19-03-13,1663,302H114,51, ,STORE,ADD,N,N,19-03-13
20122013,8887,19-03-13,20122013,8464,19-03-13,8511,302S703,51, ,STORE,ADD,Y,Y,19-03-13
20122013,8888,19-03-13,20122013,8466,19-03-13,32,302S576,51, ,STORE,ADD,N,N,19-03-13
20122013,8889,19-03-13,20122013,8467,19-03-13,GREEN,302T091,51, ,STORE,ADD,N,N,19-03-13
20122013,8890,19-03-13,20122013,8469,19-03-13,432,302N075,51, ,STORE,ADD,N,N,19-03-13
20122013,8891,19-03-13,20122013,8470,19-03-13,18,302J174,51, ,STORE,ADD,N,N,19-03-13
20122013,8892,19-03-13,20122013,8471,19-03-13,E-582,302W037,51, ,STORE,UPD,Y,Y,19-03-13
20122013,8893,19-03-13,20122013,8472,19-03-13,223,302M028,51, ,STORE,ADD,N,N,19-03-13
20122013,8894,19-03-13,20122013,8474,19-03-13,593,302M276,51, ,STORE,ADD,Y,Y,19-03-13
20122013,8895,20-03-13,20122013,8476,20-03-13,179,302S421,51, ,STORE,ADD,N,N,20-03-13
20122013,8896,20-03-13,20122013,8477,20-03-13,495,302M261,51, ,STORE,ADD,N,N,20-03-13
20122013,8897,20-03-13,20122013,8478,20-03-13,496,302M261,51, ,STORE,ADD,N,N,20-03-13
20122013,8898,20-03-13,20122013,8479,20-03-13,NIL,302J197,51, ,STORE,ADD,Y,Y,20-03-13
20122013,8899,20-03-13,20122013,8480,20-03-13,4400,302N176,51, ,STORE,ADD,Y,Y,20-03-13
20122013,8900,20-03-13,20122013,8481,20-03-13,4399,302N176,51, ,STORE,ADD,Y,Y,20-03-13
20122013,8901,20-03-13,20122013,8483,20-03-13,105,302D204,51, ,STORE,ADD,Y,Y,20-03-13
20122013,8902,20-03-13,20122013,8485,20-03-13,T-527,302N056,51, ,STORE,ADD,N,N,20-03-13
20122013,8903,20-03-13,20122013,8486,20-03-13,T-528,302N056,51, ,STORE,ADD,N,N,20-03-13
20122013,8904,20-03-13,20122013,8487,20-03-13,1442,302A504,51, ,STORE,ADD,N,N,20-03-13
20122013,8905,20-03-13,20122013,8488,20-03-13,222,302S721,51, ,STORE,ADD,N,N,20-03-13
20122013,8906,20-03-13,20122013,8489,20-03-13,T-1278,302W037,51, ,STORE,ADD,N,N,20-03-13
20122013,8907,20-03-13,20122013,8490,20-03-13,1800,302M190,51, ,STORE,ADD,N,N,20-03-13
20122013,8908,20-03-13,20122013,8491,20-03-13,1811,302M190,51, ,STORE,ADD,N,N,20-03-13
20122013,8909,20-03-13,20122013,8492,20-03-13,108,302V201,51, ,STORE,ADD,N,N,20-03-13
20122013,8910,20-03-13,20122013,8493,20-03-13,41,302D168,51, ,STORE,ADD,N,N,20-03-13
20122013,8911,20-03-13,20122013,8494,20-03-13,50,302D168,51, ,STORE,ADD,N,N,20-03-13
20122013,8912,20-03-13,20122013,8468,19-03-13,122402,302T160,51, ,STORE,UPD,Y,Y,20-03-13
20122013,8913,20-03-13,20122013,8349,15-03-13,EX-620,302B187,51, ,STORE,ADD,Y,Y,20-03-13
20122013,8914,20-03-13,20122013,8473,19-03-13,EX-295,302S788,51, ,STORE,ADD,Y,Y,20-03-13
20122013,8915,20-03-13,20122013,8496,20-03-13,43,302S852,51, ,STORE,ADD,N,N,20-03-13
20122013,8916,20-03-13,20122013,8497,20-03-13,44,302S852,51, ,STORE,ADD,N,N,20-03-13
20122013,8917,20-03-13,20122013,8498,20-03-13,45,302S852,51, ,STORE,ADD,N,N,20-03-13
20122013,8918,20-03-13,20122013,8499,20-03-13,6879,302M237,51, ,STORE,ADD,Y,Y,20-03-13
20122013,8919,20-03-13,20122013,8500,20-03-13,272,302A331,51, ,STORE,ADD,N,N,20-03-13
20122013,8920,20-03-13,20122013,8501,20-03-13,1439,302B197,51, ,STORE,ADD,N,N,20-03-13
20122013,8921,20-03-13,20122013,8502,20-03-13,2327,302P314,51, ,STORE,ADD,N,N,20-03-13
20122013,8922,20-03-13,20122013,8503,20-03-13,778,302A406,51, ,STORE,ADD,N,N,20-03-13
20122013,8923,20-03-13,20122013,8504,20-03-13,784,302A406,51, ,STORE,ADD,N,N,20-03-13
20122013,8924,20-03-13,20122013,8505,20-03-13,783,302A406,51, ,STORE,ADD,N,N,20-03-13
20122013,8925,20-03-13,20122013,8506,20-03-13,123,302C183,51, ,STORE,ADD,N,N,20-03-13
20122013,8926,20-03-13,20122013,8507,20-03-13,T-533,302N056,51, ,STORE,ADD,N,N,20-03-13
20122013,8927,20-03-13,20122013,8508,20-03-13,3674,302U093,51, ,STORE,ADD,Y,Y,20-03-13
20122013,8928,20-03-13,20122013,8510,20-03-13,740,302U079,51, ,STORE,ADD,N,N,20-03-13
20122013,8929,20-03-13,20122013,8511,20-03-13,1476,302S419,51, ,STORE,ADD,N,N,20-03-13
20122013,8930,20-03-13,20122013,8512,20-03-13,1672,302H114,51, ,STORE,ADD,N,N,20-03-13
20122013,8931,20-03-13,20122013,8513,20-03-13,92,302S240,51, ,STORE,ADD,N,N,20-03-13
20122013,8932,20-03-13,20122013,8514,20-03-13,93,302S240,51, ,STORE,ADD,N,N,20-03-13
20122013,8933,20-03-13,20122013,8515,20-03-13,565,302R206,51, ,STORE,UPD,Y,Y,20-03-13
20122013,8934,21-03-13,20122013,8521,21-03-13,182,302S421,51, ,STORE,ADD,N,N,21-03-13
20122013,8935,21-03-13,20122013,8522,21-03-13,227,302S343,51, ,STORE,ADD,N,N,21-03-13
20122013,8936,21-03-13,20122013,8525,21-03-13,159,302V059,51, ,STORE,ADD,Y,Y,21-03-13
20122013,8937,21-03-13,20122013,8526,21-03-13,402,302R286,51, ,STORE,ADD,N,N,21-03-13
20122013,8938,21-03-13,20122013,8527,21-03-13,2106,302D122,51, ,STORE,ADD,N,N,21-03-13
20122013,8939,21-03-13,20122013,8528,21-03-13,2107,302D122,51, ,STORE,UPD,N,N,21-03-13
20122013,8940,21-03-13,20122013,8529,21-03-13,2108,302D122,51, ,STORE,ADD,N,N,21-03-13
20122013,8941,21-03-13,20122013,8530,21-03-13,195,302M028,51, ,STORE,ADD,N,N,21-03-13
20122013,8942,21-03-13,20122013,8531,21-03-13,315,302R267,51, ,STORE,UPD,N,N,21-03-13
20122013,8943,21-03-13,20122013,8532,21-03-13,229,302J201,51, ,STORE,ADD,N,N,21-03-13
20122013,8944,21-03-13,20122013,8533,21-03-13,1039,302A504,51, ,STORE,ADD,N,N,21-03-13
20122013,8945,21-03-13,20122013,8516,20-03-13,4407,302N176,51, ,STORE,ADD,Y,Y,21-03-13
20122013,8946,21-03-13,20122013,8517,20-03-13,56,302P036,51, ,STORE,ADD,N,N,21-03-13
20122013,8947,21-03-13,20122013,8518,20-03-13,33,302C083,51, ,STORE,ADD,N,N,21-03-13
20122013,8948,21-03-13,20122013,8519,20-03-13,257,302W040,51, ,STORE,ADD,N,N,21-03-13
20122013,8949,21-03-13,20122013,8520,20-03-13,1494,302R167,51, ,STORE,ADD,Y,Y,21-03-13
20122013,8950,21-03-13,20122013,8509,20-03-13,110,302V207,51, ,STORE,ADD,Y,Y,21-03-13
20122013,8951,21-03-13,20122013,8535,21-03-13,85,302S801,51, ,STORE,ADD,N,N,21-03-13
20122013,8952,21-03-13,20122013,8537,21-03-13,1132,302T098,51, ,STORE,ADD,Y,Y,21-03-13
20122013,8953,21-03-13,20122013,8538,21-03-13,1133,302T098,51, ,STORE,ADD,Y,Y,21-03-13
20122013,8954,21-03-13,20122013,8539,21-03-13,38423,3.02E+103,51, ,STORE,ADD,Y,Y,21-03-13
20122013,8955,21-03-13,20122013,8541,21-03-13,8614,302S703,51, ,STORE,ADD,Y,Y,21-03-13
20122013,8956,21-03-13,20122013,8542,21-03-13,1887,302L069,51, ,STORE,ADD,N,N,21-03-13
20122013,8957,21-03-13,20122013,8543,21-03-13,2111,302T141,51, ,STORE,UPD,Y,Y,21-03-13
20122013,8958,21-03-13,20122013,8544,21-03-13,229,302A486,51, ,STORE,ADD,Y,Y,21-03-13
20122013,8959,21-03-13,20122013,8544,21-03-13,229,302A486,51, ,STORE,ADD,Y,Y,21-03-13
20122013,8960,21-03-13,20122013,8545,21-03-13,229,302A486,51, ,STORE,ADD,Y,Y,21-03-13
20122013,8961,21-03-13,20122013,8546,21-03-13,10,302F083,51, ,STORE,ADD,N,N,21-03-13
20122013,8962,21-03-13,20122013,8547,21-03-13,498,302M261,51, ,STORE,ADD,N,N,21-03-13
20122013,8963,21-03-13,20122013,8548,21-03-13,499,302M261,51, ,STORE,ADD,N,N,21-03-13
20122013,8964,21-03-13,20122013,8549,21-03-13,500,302M261,51, ,STORE,ADD,N,N,21-03-13
20122013,8965,21-03-13,20122013,8550,21-03-13,1134,302T098,51, ,STORE,ADD,Y,Y,21-03-13
20122013,8966,21-03-13,20122013,8551,21-03-13,1135,302T098,51, ,STORE,UPD,Y,Y,21-03-13
20122013,8967,21-03-13,20122013,8552,21-03-13,2340,302K198,51, ,STORE,ADD,N,N,21-03-13
20122013,8968,21-03-13,20122013,8554,21-03-13,506,302Z014,51, ,STORE,ADD,Y,Y,21-03-13
20122013,8969,21-03-13,20122013,8555,21-03-13,507,302Z014,51, ,STORE,ADD,Y,Y,21-03-13
20122013,8970,21-03-13,20122013,8555,21-03-13,507,302Z014,51, ,STORE,ADD,Y,Y,21-03-13
20122013,8971,21-03-13,20122013,8556,21-03-13,929,302P336,51, ,STORE,ADD,Y,Y,21-03-13
20122013,8972,21-03-13,20122013,8557,21-03-13,930,302P336,51, ,STORE,ADD,Y,Y,21-03-13
20122013,8973,21-03-13,20122013,8447,19-03-13,NIL,302H175,51, ,STORE,ADD,Y,Y,21-03-13
20122013,8974,21-03-13,20122013,8495,20-03-13,NIL,302H175,51, ,STORE,ADD,Y,Y,21-03-13
20122013,8975,21-03-13,20122013,8558,21-03-13,4433,302N176,51, ,STORE,ADD,Y,Y,21-03-13
20122013,8976,21-03-13,20122013,8559,21-03-13,4434,302N176,51, ,STORE,ADD,Y,Y,21-03-13
20122013,8977,21-03-13,20122013,8560,21-03-13,786,302A406,51, ,STORE,ADD,N,N,21-03-13
20122013,8978,21-03-13,20122013,8561,21-03-13,787,302A406,51, ,STORE,ADD,N,N,21-03-13
20122013,8979,22-03-13,20122013,8562,22-03-13,183,302S421,51, ,STORE,ADD,N,N,22-03-13
20122013,8980,22-03-13,20122013,8563,22-03-13,1346,302G191,51, ,STORE,ADD,Y,Y,22-03-13
20122013,8981,22-03-13,20122013,8564,22-03-13,NIL,302J197,51, ,STORE,ADD,Y,Y,22-03-13
20122013,8982,22-03-13,20122013,8565,22-03-13,1137,302T098,51, ,STORE,ADD,Y,Y,22-03-13
20122013,8983,22-03-13,20122013,8566,22-03-13,1138,302T098,51, ,STORE,ADD,Y,Y,22-03-13
20122013,8984,22-03-13,20122013,8568,22-03-13,702,302N164,51, ,STORE,ADD,N,N,22-03-13
20122013,8985,22-03-13,20122013,8569,22-03-13,703,302N164,51, ,STORE,ADD,N,N,22-03-13
20122013,8986,22-03-13,20122013,8570,22-03-13,278,302A331,51, ,STORE,ADD,N,N,22-03-13
20122013,8987,22-03-13,20122013,8463,19-03-13,1033,302I011,51, ,STORE,ADD,Y,Y,22-03-13
20122013,8988,22-03-13,20122013,8523,21-03-13,EX-627,302B187,51, ,STORE,ADD,Y,Y,22-03-13
20122013,8989,22-03-13,20122013,8524,21-03-13,EX-628,302B187,51, ,STORE,ADD,Y,Y,22-03-13
20122013,8990,22-03-13,20122013,8571,22-03-13,1139,302T098,51, ,STORE,ADD,Y,Y,22-03-13
20122013,8991,22-03-13,20122013,8572,22-03-13,2324,302P023,51, ,STORE,ADD,N,N,22-03-13
20122013,8992,22-03-13,20122013,8573,22-03-13,3382,302V129,51, ,STORE,ADD,Y,Y,22-03-13
20122013,8993,22-03-13,20122013,8540,21-03-13,NIL,302G253,51, ,STORE,ADD,Y,Y,22-03-13
20122013,8994,22-03-13,20122013,8540,21-03-13,NIL,302G253,51, ,STORE,ADD,Y,Y,22-03-13
20122013,8995,22-03-13,20122013,8540,21-03-13,NIL,302G253,51, ,STORE,ADD,Y,Y,22-03-13
20122013,8996,22-03-13,20122013,8575,22-03-13,4079,302S906,51, ,STORE,ADD,N,N,22-03-13
20122013,8997,22-03-13,20122013,8576,22-03-13,8631,302S703,51, ,STORE,UPD,Y,Y,22-03-13
20122013,8998,22-03-13,20122013,8577,22-03-13,8632,302S703,51, ,STORE,UPD,Y,Y,22-03-13
20122013,8999,22-03-13,20122013,8578,22-03-13,8633,302S703,51, ,STORE,ADD,Y,Y,22-03-13
20122013,9000,22-03-13,20122013,8581,22-03-13,1699,302L082,51, ,STORE,ADD,N,N,22-03-13
20122013,9001,22-03-13,20122013,8582,22-03-13,1701,302L082,51, ,STORE,ADD,N,N,22-03-13
20122013,9002,22-03-13,20122013,8583,22-03-13,1702,302L082,51, ,STORE,ADD,N,N,22-03-13
20122013,9003,22-03-13,20122013,8584,22-03-13,1706,302L082,51, ,STORE,ADD,N,N,22-03-13
20122013,9004,22-03-13,20122013,8585,22-03-13,NIL,302K060,51, ,STORE,ADD,Y,Y,22-03-13
20122013,9005,22-03-13,20122013,8587,22-03-13,94,302S240,51, ,STORE,ADD,N,N,22-03-13
20122013,9006,22-03-13,20122013,8588,22-03-13,95,302S240,51, ,STORE,ADD,N,N,22-03-13
20122013,9007,22-03-13,20122013,8589,22-03-13,2368,302P314,51, ,STORE,ADD,N,N,22-03-13
20122013,9008,22-03-13,20122013,8586,22-03-13,297,302C225,51, ,STORE,ADD,N,N,22-03-13
20122013,9009,22-03-13,20122013,8580,22-03-13,148,302C218,51, ,STORE,ADD,Y,Y,22-03-13
20122013,9010,22-03-13,20122013,8590,22-03-13,1265,302K120,51, ,STORE,ADD,N,N,22-03-13
20122013,9011,22-03-13,20122013,8591,22-03-13,1266,302K120,51, ,STORE,ADD,N,N,22-03-13
20122013,9012,22-03-13,20122013,8432,19-03-13,60,302T152,51, ,STORE,ADD,N,N,22-03-13
20122013,9013,22-03-13,20122013,8592,22-03-13,96,302K245,51, ,STORE,ADD,N,N,22-03-13
20122013,9014,22-03-13,20122013,8593,22-03-13,3702,302U093,51, ,STORE,ADD,Y,Y,22-03-13
20122013,9015,22-03-13,20122013,8594,22-03-13,GREEN,302A555,51, ,STORE,ADD,Y,Y,22-03-13
20122013,9016,22-03-13,20122013,8595,22-03-13,372,302J201,51, ,STORE,ADD,N,N,22-03-13
20122013,9017,22-03-13,20122013,8596,22-03-13,4451,302N176,51, ,STORE,ADD,Y,Y,22-03-13
20122013,9018,22-03-13,20122013,8597,22-03-13,1833,302M190,51, ,STORE,ADD,N,N,22-03-13
20122013,9019,23-03-13,20122013,8598,23-03-13,186,302S421,51, ,STORE,ADD,N,N,23-03-13
20122013,9020,23-03-13,20122013,8574,22-03-13,348,302D206,51, ,STORE,UPD,Y,Y,23-03-13
20122013,9021,23-03-13,20122013,8599,23-03-13,1351,302B197,51, ,STORE,ADD,N,N,23-03-13
20122013,9022,23-03-13,20122013,8600,23-03-13,V-52,302C076,51, ,STORE,ADD,N,N,23-03-13
20122013,9023,23-03-13,20122013,8601,23-03-13,701,302V059,51, ,STORE,ADD,Y,Y,23-03-13
20122013,9024,23-03-13,20122013,8602,23-03-13,NIL,302J197,51, ,STORE,ADD,Y,Y,23-03-13
20122013,9025,23-03-13,20122013,8603,23-03-13,4452,302N176,51, ,STORE,ADD,Y,Y,23-03-13
20122013,9026,23-03-13,20122013,8604,23-03-13,527,302V133,51, ,STORE,ADD,N,N,23-03-13
20122013,9027,23-03-13,20122013,8605,23-03-13,1686,302H114,51, ,STORE,ADD,N,N,23-03-13
20122013,9028,23-03-13,20122013,8606,23-03-13,1687,302H114,51, ,STORE,ADD,N,N,23-03-13
20122013,9029,23-03-13,20122013,8607,23-03-13,1688,302H114,51, ,STORE,ADD,N,N,23-03-13
20122013,9030,23-03-13,20122013,8608,23-03-13,1689,302H114,51, ,STORE,ADD,N,N,23-03-13
20122013,9031,23-03-13,20122013,8609,23-03-13,1020,302Z005,51, ,STORE,ADD,N,N,23-03-13
20122013,9032,23-03-13,20122013,8610,23-03-13,24,302J174,51, ,STORE,ADD,N,N,23-03-13
20122013,9033,23-03-13,20122013,8611,23-03-13,NIL,302K060,51, ,STORE,ADD,Y,Y,23-03-13
20122013,9034,23-03-13,20122013,8611,23-03-13,NIL,302K060,51, ,STORE,ADD,Y,Y,23-03-13
20122013,9035,23-03-13,20122013,8611,23-03-13,NIL,302K060,51, ,STORE,ADD,Y,Y,23-03-13
20122013,9036,23-03-13,20122013,8613,23-03-13,NIL,302P283,51, ,STORE,ADD,N,N,23-03-13
20122013,9037,23-03-13,20122013,8612,23-03-13,NIL,302G253,51, ,STORE,ADD,Y,Y,23-03-13
20122013,9038,23-03-13,20122013,8612,23-03-13,NIL,302G253,51, ,STORE,ADD,Y,Y,23-03-13
20122013,9039,23-03-13,20122013,8612,23-03-13,NIL,302G253,51, ,STORE,ADD,Y,Y,23-03-13
20122013,9040,23-03-13,20122013,8614,23-03-13,162,302M028,51, ,STORE,ADD,N,N,23-03-13
20122013,9041,23-03-13,20122013,8615,23-03-13,782,302R179,51, ,STORE,ADD,N,N,23-03-13
20122013,9042,23-03-13,20122013,8616,23-03-13,1458,302A504,51, ,STORE,ADD,N,N,23-03-13
20122013,9043,23-03-13,20122013,8617,23-03-13,227,302S721,51, ,STORE,ADD,N,N,23-03-13
20122013,9044,23-03-13,20122013,8618,23-03-13,8510,302S703,51, ,STORE,ADD,Y,Y,23-03-13
20122013,9045,23-03-13,20122013,8619,23-03-13,1,302S910,51, ,STORE,ADD,N,N,23-03-13
20122013,9046,23-03-13,20122013,8620,23-03-13,792,302A406,51, ,STORE,ADD,N,N,23-03-13
20122013,9047,23-03-13,20122013,8621,23-03-13,27,302B229,51, ,STORE,UPD,Y,Y,23-03-13
20122013,9048,23-03-13,20122013,8622,23-03-13,968,302F082,51, ,STORE,ADD,Y,Y,23-03-13
20122013,9049,23-03-13,20122013,8623,23-03-13,1611,302T152,51, ,STORE,ADD,Y,Y,23-03-13
20122013,9050,23-03-13,20122013,8624,23-03-13,2368,302P227,51, ,STORE,ADD,N,N,23-03-13
20122013,9051,23-03-13,20122013,8625,23-03-13,2369,302P227,51, ,STORE,ADD,N,N,23-03-13
20122013,9052,23-03-13,20122013,8626,23-03-13,NIL,302S703,51, ,STORE,ADD,Y,Y,23-03-13
20122013,9053,23-03-13,20122013,8627,23-03-13,T-537,302N056,51, ,STORE,ADD,N,N,23-03-13
20122013,9054,23-03-13,20122013,8628,23-03-13,T-538,302N056,51, ,STORE,ADD,N,N,23-03-13
20122013,9055,23-03-13,20122013,8629,23-03-13,T-539,302N056,51, ,STORE,ADD,N,N,23-03-13
20122013,9056,23-03-13,20122013,8630,23-03-13,233,302M028,51, ,STORE,ADD,N,N,23-03-13
20122013,9057,23-03-13,20122013,8631,23-03-13,234,302M028,51, ,STORE,ADD,N,N,23-03-13
20122013,9058,23-03-13,20122013,8632,23-03-13,235,302M028,51, ,STORE,ADD,N,N,23-03-13
20122013,9059,23-03-13,20122013,8633,23-03-13,236,302M028,51, ,STORE,ADD,N,N,23-03-13
20122013,9060,23-03-13,20122013,8639,23-03-13,8681,302S703,51, ,STORE,ADD,Y,Y,23-03-13
20122013,9061,23-03-13,20122013,8640,23-03-13,3718,302U093,51, ,STORE,ADD,Y,Y,23-03-13
20122013,9062,23-03-13,20122013,8641,23-03-13,3719,302U093,51, ,STORE,ADD,Y,Y,23-03-13
20122013,9063,23-03-13,20122013,8642,23-03-13,583,302M176,51, ,STORE,ADD,N,N,23-03-13
20122013,9064,25-03-13,20122013,8643,25-03-13,187,302S421,51, ,STORE,ADD,N,N,25-03-13
20122013,9065,25-03-13,20122013,8644,25-03-13,916,302S630,51, ,STORE,ADD,N,N,25-03-13
20122013,9066,25-03-13,20122013,8645,25-03-13,161,302V059,51, ,STORE,ADD,Y,Y,25-03-13
20122013,9067,25-03-13,20122013,8646,25-03-13,162,302V059,51, ,STORE,ADD,Y,Y,25-03-13
20122013,9068,25-03-13,20122013,8647,25-03-13,NIL,302J197,51, ,STORE,ADD,Y,Y,25-03-13
20122013,9069,25-03-13,20122013,8648,25-03-13,1355,302G191,51, ,STORE,ADD,Y,Y,25-03-13
20122013,9070,25-03-13,20122013,8650,25-03-13,2791,302T127,51, ,STORE,UPD,Y,Y,25-03-13
20122013,9071,25-03-13,20122013,8651,25-03-13,4467,302N176,51, ,STORE,ADD,Y,Y,25-03-13
20122013,9072,25-03-13,20122013,8652,25-03-13,4468,302N176,51, ,STORE,ADD,Y,Y,25-03-13
20122013,9073,25-03-13,20122013,8653,25-03-13,1140,302T098,51, ,STORE,ADD,Y,Y,25-03-13
20122013,9074,25-03-13,20122013,8659,25-03-13,1146,302T098,51, ,STORE,ADD,Y,Y,25-03-13
20122013,9075,25-03-13,20122013,8660,25-03-13,1147,302T098,51, ,STORE,ADD,Y,Y,25-03-13
20122013,9076,25-03-13,20122013,8661,25-03-13,1148,302T098,51, ,STORE,ADD,Y,Y,25-03-13
20122013,9077,25-03-13,20122013,8662,25-03-13,1153,302T098,51, ,STORE,ADD,Y,Y,25-03-13
20122013,9078,25-03-13,20122013,8663,25-03-13,1154,302T098,51, ,STORE,ADD,Y,Y,25-03-13
20122013,9079,25-03-13,20122013,8664,25-03-13,227,302U082,51, ,STORE,ADD,N,N,25-03-13
20122013,9081,25-03-13,20122013,8667,25-03-13,119,302K216,51, ,STORE,ADD,N,N,25-03-13
20122013,9082,25-03-13,20122013,8668,25-03-13,1712,302L082,51, ,STORE,ADD,N,N,25-03-13
20122013,9083,25-03-13,20122013,8669,25-03-13,1713,302L082,51, ,STORE,ADD,N,N,25-03-13
20122013,9084,25-03-13,20122013,8670,25-03-13,163,302M323,51, ,STORE,ADD,N,N,25-03-13
20122013,9085,25-03-13,20122013,8672,25-03-13,368,302G299,51, ,STORE,ADD,N,N,25-03-13
20122013,9086,25-03-13,20122013,8673,25-03-13,629,302P292,51, ,STORE,ADD,N,N,25-03-13
20122013,9087,25-03-13,20122013,8674,25-03-13,4477,302N176,51, ,STORE,ADD,Y,Y,25-03-13
20122013,9088,25-03-13,20122013,8675,25-03-13,G-276,302D208,51, ,STORE,ADD,N,N,25-03-13
20122013,9089,25-03-13,20122013,8676,25-03-13,96,302S240,51, ,STORE,ADD,N,N,25-03-13
20122013,9090,25-03-13,20122013,8677,25-03-13,97,302S240,51, ,STORE,ADD,N,N,25-03-13
20122013,9091,25-03-13,20122013,8678,25-03-13,336,302W030,51, ,STORE,ADD,N,N,25-03-13
20122013,9092,25-03-13,20122013,8679,25-03-13,360,302J150,51, ,STORE,ADD,N,N,25-03-13
20122013,9093,25-03-13,20122013,8680,25-03-13,205,302M028,51, ,STORE,ADD,N,N,25-03-13
20122013,9094,25-03-13,20122013,8681,25-03-13,131,302N075,51, ,STORE,ADD,N,N,25-03-13
20122013,9095,25-03-13,20122013,8682,25-03-13,8634,302S703,51, ,STORE,ADD,Y,Y,25-03-13
20122013,9096,25-03-13,20122013,8683,25-03-13,72,302J172,51, ,STORE,ADD,N,N,25-03-13
20122013,9097,25-03-13,20122013,8684,25-03-13,70,302J172,51, ,STORE,ADD,N,N,25-03-13
20122013,9098,25-03-13,20122013,8685,25-03-13,527,302R235,51, ,STORE,ADD,N,N,25-03-13
20122013,9099,25-03-13,20122013,8686,25-03-13,2326,302P314,51, ,STORE,ADD,N,N,25-03-13
20122013,9100,25-03-13,20122013,8687,25-03-13,349,302S791,51, ,STORE,ADD,N,N,25-03-13
20122013,9101,25-03-13,20122013,8688,25-03-13,1985,302L069,51, ,STORE,ADD,N,N,25-03-13
20122013,9102,26-03-13,20122013,8690,26-03-13,185,302S421,51, ,STORE,ADD,N,N,26-03-13
20122013,9103,26-03-13,20122013,8691,26-03-13,4316,302D003,51, ,STORE,ADD,N,N,26-03-13
20122013,9104,26-03-13,20122013,8692,26-03-13,NIL,302S866,51, ,STORE,ADD,Y,Y,26-03-13
20122013,9105,26-03-13,20122013,8693,26-03-13,B-742,302V156,51, ,STORE,ADD,Y,Y,26-03-13
20122013,9106,26-03-13,20122013,8694,26-03-13,1349,302G191,51, ,STORE,ADD,Y,Y,26-03-13
20122013,9107,26-03-13,20122013,8695,26-03-13,106,302D204,51, ,STORE,ADD,Y,Y,26-03-13
20122013,9108,26-03-13,20122013,8696,26-03-13,107,302D204,51, ,STORE,ADD,Y,Y,26-03-13
20122013,9109,26-03-13,20122013,8697,26-03-13,108,302D204,51, ,STORE,UPD,Y,Y,26-03-13
20122013,9110,26-03-13,20122013,8698,26-03-13,1288,302S051,51, ,STORE,ADD,N,N,26-03-13
20122013,9111,26-03-13,20122013,8699,26-03-13,337,302W030,51, ,STORE,ADD,N,N,26-03-13
20122013,9112,26-03-13,20122013,8700,26-03-13,EX-42,302P308,51, ,STORE,ADD,N,N,26-03-13
20122013,9113,26-03-13,20122013,8701,26-03-13,2137,302D122,51, ,STORE,ADD,N,N,26-03-13
20122013,9114,26-03-13,20122013,8702,26-03-13,2138,302D122,51, ,STORE,UPD,N,N,26-03-13
20122013,9115,26-03-13,20122013,8703,26-03-13,81,302S836,51, ,STORE,ADD,N,N,26-03-13
20122013,9116,26-03-13,20122013,8704,26-03-13,26,302J174,51, ,STORE,ADD,N,N,26-03-13
20122013,9117,26-03-13,20122013,8705,26-03-13,27,302J174,51, ,STORE,ADD,N,N,26-03-13
20122013,9118,26-03-13,20122013,8706,26-03-13,8674,302S703,51, ,STORE,ADD,Y,Y,26-03-13
20122013,9119,26-03-13,20122013,8710,26-03-13,2295,302G232,51, ,STORE,ADD,N,N,26-03-13
20122013,9121,26-03-13,20122013,8713,26-03-13,358,302S141,51, ,STORE,ADD,N,N,26-03-13
20122013,9122,26-03-13,20122013,8714,26-03-13,69,302J172,51, ,STORE,ADD,N,N,26-03-13
20122013,9123,26-03-13,20122013,8715,26-03-13,519,302J150,51, ,STORE,ADD,N,N,26-03-13
20122013,9124,26-03-13,20122013,8716,26-03-13,1470,302A504,51, ,STORE,ADD,N,N,26-03-13
20122013,9125,26-03-13,20122013,8717,26-03-13,34,302C083,51, ,STORE,ADD,N,N,26-03-13
20122013,9126,26-03-13,20122013,8718,26-03-13,429,302R274,51, ,STORE,ADD,N,N,26-03-13
20122013,9127,26-03-13,20122013,8671,25-03-13,164,302M323,51, ,STORE,UPD,N,N,26-03-13
20122013,9129,26-03-13,20122013,8655,25-03-13,NIL,302F069,51, ,STORE,UPD,Y,Y,26-03-13
20122013,9130,26-03-13,20122013,8656,25-03-13,NIL,302F069,51, ,STORE,UPD,Y,Y,26-03-13
20122013,9131,28-03-13,20122013,8730,28-03-13,184,302S421,51, ,STORE,ADD,N,N,28-03-13
20122013,9132,28-03-13,20122013,8567,22-03-13,NIL,302I093,51, ,STORE,ADD,Y,Y,28-03-13
20122013,9133,28-03-13,20122013,8579,22-03-13,EX-404,302S788,51, ,STORE,ADD,Y,Y,28-03-13
20122013,9134,28-03-13,20122013,8649,25-03-13,1947,302A161,51, ,STORE,UPD,Y,Y,28-03-13
20122013,9135,28-03-13,20122013,8649,25-03-13,1947,302A161,51, ,STORE,ADD,Y,Y,28-03-13
20122013,9136,28-03-13,20122013,8654,25-03-13,NIL,302F069,51, ,STORE,ADD,Y,Y,28-03-13
20122013,9137,28-03-13,20122013,8657,25-03-13,11690,302V198,51, ,STORE,ADD,Y,Y,28-03-13
20122013,9138,28-03-13,20122013,8658,25-03-13,11689,302V198,51, ,STORE,UPD,Y,Y,28-03-13
20122013,9139,28-03-13,20122013,8665,25-03-13,8680,302S703,51, ,STORE,ADD,Y,Y,28-03-13
20122013,9140,28-03-13,20122013,8689,25-03-13,NIL,302G253,51, ,STORE,ADD,Y,Y,28-03-13
20122013,9141,28-03-13,20122013,8689,25-03-13,NIL,302G253,51, ,STORE,ADD,Y,Y,28-03-13
20122013,9142,28-03-13,20122013,8689,25-03-13,NIL,302G253,51, ,STORE,ADD,Y,Y,28-03-13
20122013,9143,28-03-13,20122013,8707,26-03-13,29,302P041,51, ,STORE,ADD,Y,Y,28-03-13
20122013,9144,28-03-13,20122013,8708,26-03-13,30,302P041,51, ,STORE,ADD,Y,Y,28-03-13
20122013,9145,28-03-13,20122013,8709,26-03-13,31,302P041,51, ,STORE,ADD,Y,Y,28-03-13
20122013,9146,28-03-13,20122013,8711,26-03-13,8723,302S703,51, ,STORE,ADD,Y,Y,28-03-13
20122013,9147,28-03-13,20122013,8712,26-03-13,8738,302S703,51, ,STORE,ADD,Y,Y,28-03-13
20122013,9148,28-03-13,20122013,8719,26-03-13,3492,302S742,51, ,STORE,ADD,N,N,28-03-13
20122013,9149,28-03-13,20122013,8720,26-03-13,EX-410,302S788,51, ,STORE,UPD,Y,Y,28-03-13
20122013,9150,28-03-13,20122013,8721,26-03-13,2390,302P314,51, ,STORE,ADD,N,N,28-03-13
20122013,9151,28-03-13,20122013,8722,26-03-13,2391,302P314,51, ,STORE,ADD,N,N,28-03-13
20122013,9152,28-03-13,20122013,8723,26-03-13,902,302C197,51, ,STORE,ADD,N,N,28-03-13
20122013,9153,28-03-13,20122013,8724,26-03-13,23,302P367,51, ,STORE,UPD,N,N,28-03-13
20122013,9154,28-03-13,20122013,8725,26-03-13,24,302P367,51, ,STORE,ADD,N,N,28-03-13
20122013,9155,28-03-13,20122013,8726,26-03-13,NIL,302K060,51, ,STORE,UPD,Y,Y,28-03-13
20122013,9156,28-03-13,20122013,8727,26-03-13,336,302C234,51, ,STORE,ADD,N,N,28-03-13
20122013,9157,28-03-13,20122013,8728,26-03-13,903,302C197,51, ,STORE,ADD,N,N,28-03-13
20122013,9158,28-03-13,20122013,8729,26-03-13,904,302C197,51, ,STORE,ADD,N,N,28-03-13
20122013,9159,28-03-13,20122013,8634,23-03-13,T-2073,302P181,51, ,STORE,ADD,Y,Y,28-03-13
20122013,9160,28-03-13,20122013,8635,23-03-13,T-2072,302P181,51, ,STORE,ADD,Y,Y,28-03-13
20122013,9161,28-03-13,20122013,8731,28-03-13,NIL,302S866,51, ,STORE,ADD,Y,Y,28-03-13
20122013,9162,28-03-13,20122013,8732,28-03-13,1359,302G191,51, ,STORE,ADD,Y,Y,28-03-13
20122013,9163,28-03-13,20122013,8733,28-03-13,NIL,302J197,51, ,STORE,ADD,Y,Y,28-03-13
20122013,9164,28-03-13,20122013,8734,28-03-13,4496,302N176,51, ,STORE,ADD,Y,Y,28-03-13
20122013,9165,28-03-13,20122013,8735,28-03-13,4497,302N176,51, ,STORE,ADD,Y,Y,28-03-13
20122013,9166,28-03-13,20122013,8736,28-03-13,1005,302N170,51, ,STORE,ADD,Y,Y,28-03-13
20122013,9167,28-03-13,20122013,8737,28-03-13,337,302C234,51, ,STORE,ADD,N,N,28-03-13
20122013,9168,28-03-13,20122013,8738,28-03-13,230,302S467,51, ,STORE,ADD,N,N,28-03-13
20122013,9169,28-03-13,20122013,8739,28-03-13,228,302S467,51, ,STORE,ADD,N,N,28-03-13
20122013,9170,28-03-13,20122013,8740,28-03-13,229,302S467,51, ,STORE,ADD,N,N,28-03-13
20122013,9171,28-03-13,20122013,8741,28-03-13,235,302I127,51, ,STORE,ADD,N,N,28-03-13
20122013,9172,28-03-13,20122013,8742,28-03-13,238,302I127,51, ,STORE,ADD,N,N,28-03-13
20122013,9173,28-03-13,20122013,8743,28-03-13,157,302A170,51, ,STORE,ADD,N,N,28-03-13
20122013,9174,28-03-13,20122013,8744,28-03-13,157,302A170,51, ,STORE,ADD,N,N,28-03-13
20122013,9175,28-03-13,20122013,8384,16-03-13,T-522,302N056,51, ,STORE,ADD,N,N,28-03-13
20122013,9176,28-03-13,20122013,8745,28-03-13,4506,302N176,51, ,STORE,ADD,Y,Y,28-03-13
20122013,9177,28-03-13,20122013,8746,28-03-13,4508,302N176,51, ,STORE,ADD,Y,Y,28-03-13
20122013,9178,28-03-13,20122013,8747,28-03-13,2947,302K192,51, ,STORE,ADD,N,N,28-03-13
20122013,9179,28-03-13,20122013,8748,28-03-13,503,302M261,51, ,STORE,ADD,N,N,28-03-13
20122013,9180,28-03-13,20122013,8749,28-03-13,345,302A573,51, ,STORE,UPD,Y,Y,28-03-13
20122013,9181,28-03-13,20122013,8750,28-03-13,190,302P366,51, ,STORE,ADD,N,N,28-03-13
20122013,9182,28-03-13,20122013,8751,28-03-13,1710,302H114,51, ,STORE,ADD,N,N,28-03-13
20122013,9183,28-03-13,20122013,8752,28-03-13,1711,302H114,51, ,STORE,ADD,N,N,28-03-13
20122013,9184,28-03-13,20122013,8753,28-03-13,1712,302H114,51, ,STORE,ADD,N,N,28-03-13
20122013,9185,29-03-13,20122013,8754,29-03-13,188,302S421,51, ,STORE,ADD,N,N,29-03-13
20122013,9186,29-03-13,20122013,8755,29-03-13,181,302S421,51, ,STORE,ADD,N,N,29-03-13
20122013,9187,29-03-13,20122013,8756,29-03-13,NIL,302S866,51, ,STORE,ADD,Y,Y,29-03-13
20122013,9188,29-03-13,20122013,8757,29-03-13,NIL,302K060,51, ,STORE,ADD,Y,Y,29-03-13
20122013,9189,29-03-13,20122013,8758,29-03-13,163,302V059,51, ,STORE,ADD,Y,Y,29-03-13
20122013,9190,29-03-13,20122013,8759,29-03-13,109,302D204,51, ,STORE,ADD,Y,Y,29-03-13
20122013,9191,29-03-13,20122013,8760,29-03-13,110,302D204,51, ,STORE,ADD,Y,Y,29-03-13
20122013,9192,29-03-13,20122013,8761,29-03-13,GREEN,302A555,51, ,STORE,ADD,Y,Y,29-03-13
20122013,9193,29-03-13,20122013,8762,29-03-13,NIL,302H175,51, ,STORE,ADD,Y,Y,29-03-13
20122013,9194,29-03-13,20122013,8763,29-03-13,133449,302H037,51, ,STORE,ADD,Y,Y,29-03-13
20122013,9195,29-03-13,20122013,8764,29-03-13,GREEN,302S698,51, ,STORE,ADD,Y,Y,29-03-13
20122013,9196,29-03-13,20122013,8666,25-03-13,1467,302A504,51, ,STORE,ADD,N,N,29-03-13
20122013,9197,29-03-13,20122013,8765,29-03-13,8764,302S703,51, ,STORE,ADD,Y,Y,29-03-13
20122013,9198,29-03-13,20122013,8766,29-03-13,430,302K159,51, ,STORE,ADD,N,N,29-03-13
20122013,9199,29-03-13,20122013,8767,29-03-13,2150,302G237,51, ,STORE,UPD,Y,Y,29-03-13
20122013,9200,29-03-13,20122013,8768,29-03-13,2151,302G237,51, ,STORE,ADD,Y,Y,29-03-13
20122013,9201,29-03-13,20122013,8769,29-03-13,118,302C183,51, ,STORE,ADD,N,N,29-03-13
20122013,9202,29-03-13,20122013,8770,29-03-13,V-53,302C076,51, ,STORE,ADD,N,N,29-03-13
20122013,9203,29-03-13,20122013,8636,23-03-13,T-2857,302P135,51, ,STORE,ADD,N,N,29-03-13
20122013,9204,29-03-13,20122013,8637,23-03-13,T-2856,302P135,51, ,STORE,ADD,Y,Y,29-03-13
20122013,9205,29-03-13,20122013,8638,23-03-13,T-2855,302P135,51, ,STORE,ADD,Y,Y,29-03-13
20122013,9206,29-03-13,20122013,8553,21-03-13,1295,302Z014,51, ,STORE,ADD,N,N,29-03-13
20122013,9207,29-03-13,20122013,8771,29-03-13,536,302V133,51, ,STORE,ADD,N,N,29-03-13
20122013,9208,29-03-13,20122013,8773,29-03-13,380,302M346,51, ,STORE,ADD,N,N,29-03-13
20122013,9209,29-03-13,20122013,8774,29-03-13,381,302M346,51, ,STORE,ADD,N,N,29-03-13
20122013,9210,29-03-13,20122013,8775,29-03-13,382,302M346,51, ,STORE,ADD,N,N,29-03-13
20122013,9211,29-03-13,20122013,8776,29-03-13,78251,302H080,51, ,STORE,UPD,Y,Y,29-03-13
20122013,9212,29-03-13,20122013,8777,29-03-13,0157-E,302A484,51, ,STORE,ADD,Y,Y,29-03-13
20122013,9213,29-03-13,20122013,8778,29-03-13,172,302A439,51, ,STORE,ADD,N,N,29-03-13
20122013,9214,29-03-13,20122013,8779,29-03-13,V-55,302C076,51, ,STORE,ADD,N,N,29-03-13
20122013,9215,29-03-13,20122013,8780,29-03-13,383,302M346,51, ,STORE,ADD,N,N,29-03-13
20122013,9216,29-03-13,20122013,8781,29-03-13,384,302M346,51, ,STORE,ADD,N,N,29-03-13
20122013,9217,29-03-13,20122013,8782,29-03-13,473,302I133,51, ,STORE,ADD,N,N,29-03-13
20122013,9218,29-03-13,20122013,8787,29-03-13,111,302D204,51, ,STORE,ADD,Y,Y,29-03-13
20122013,9219,29-03-13,20122013,8788,29-03-13,88,302S801,51, ,STORE,ADD,N,N,29-03-13
20122013,9220,29-03-13,20122013,8789,29-03-13,112,302D204,51, ,STORE,ADD,Y,Y,29-03-13
20122013,9221,29-03-13,20122013,8790,29-03-13,1359,302S900,51, ,STORE,ADD,Y,Y,29-03-13
20122013,9222,29-03-13,20122013,8791,25-03-13,4521,302N176,51, ,STORE,ADD,Y,Y,29-03-13
20122013,9223,30-03-13,20122013,8792,30-03-13,190,302S421,51, ,STORE,ADD,N,N,30-03-13
20122013,9224,30-03-13,20122013,8793,30-03-13,NIL,302S866,51, ,STORE,ADD,Y,Y,30-03-13
20122013,9225,30-03-13,20122013,8794,30-03-13,NIL,302K060,51, ,STORE,ADD,Y,Y,30-03-13
20122013,9226,30-03-13,20122013,8794,30-03-13,NIL,302K060,51, ,STORE,ADD,Y,Y,30-03-13
20122013,9227,30-03-13,20122013,8794,30-03-13,NIL,302K060,51, ,STORE,ADD,Y,Y,30-03-13
20122013,9228,30-03-13,20122013,8795,30-03-13,NIL,302G253,51, ,STORE,ADD,Y,Y,30-03-13
20122013,9229,30-03-13,20122013,8795,30-03-13,NIL,302G253,51, ,STORE,ADD,Y,Y,30-03-13
20122013,9230,30-03-13,20122013,8795,30-03-13,NIL,302G253,51, ,STORE,ADD,Y,Y,30-03-13
20122013,9231,30-03-13,20122013,8795,30-03-13,NIL,302G253,51, ,STORE,ADD,Y,Y,30-03-13
20122013,9232,30-03-13,20122013,8795,30-03-13,NIL,302G253,51, ,STORE,ADD,Y,Y,30-03-13
20122013,9233,30-03-13,20122013,8796,30-03-13,4525,302N176,51, ,STORE,ADD,Y,Y,30-03-13
20122013,9234,30-03-13,20122013,8797,30-03-13,4526,302N176,51, ,STORE,ADD,Y,Y,30-03-13
20122013,9235,30-03-13,20122013,8798,30-03-13,4538,302N176,51, ,STORE,ADD,Y,Y,30-03-13
20122013,9236,30-03-13,20122013,8799,30-03-13,4539,302N176,51, ,STORE,ADD,Y,Y,30-03-13
20122013,9237,30-03-13,20122013,8800,30-03-13,4522,302N176,51, ,STORE,ADD,Y,Y,30-03-13
20122013,9238,30-03-13,20122013,8801,30-03-13,4543,302N176,51, ,STORE,ADD,Y,Y,30-03-13
20122013,9239,30-03-13,20122013,8802,30-03-13,191,302S421,51, ,STORE,ADD,N,N,30-03-13
20122013,9240,30-03-13,20122013,8803,30-03-13,NIL,302G253,51, ,STORE,UPD,Y,Y,30-03-13
20122013,9241,31-03-13,20122013,8804,31-03-13,192,302S421,51, ,STORE,ADD,N,N,31-03-13
20122013,9242,31-03-13,20122013,8805,31-03-13,164,302V059,51, ,STORE,ADD,Y,Y,31-03-13
20122013,9243,31-03-13,20122013,8806,31-03-13,1361,302G191,51, ,STORE,ADD,Y,Y,31-03-13
20122013,9244,31-03-13,20122013,8807,31-03-13,GREEN,302J197,51, ,STORE,ADD,Y,Y,31-03-13
20122013,9245,31-03-13,20122013,8808,31-03-13,196,302S421,51, ,STORE,ADD,N,N,31-03-13
